asset,available_from,date,headline,link,note,publisher,series_id,source,unit,value
gold_news_sentiment,2026-01-31,2026-01-31,"Gold prices today, January 31, 2026: SJC gold price decreased by 9 million VND, world gold price decreased by 8-9%. - baonghean.vn",https://news.google.com/rss/articles/CBMiswFBVV95cUxPWTdqZ3RWdVJ5THhFQk1UNUlxcHdxRU90ZXMzVDByV09vdFZ2cE1XWGUzd29laDJzbV9SclVVTmpicFZfSWhBRGpyQlVyOHlvVmc3V3N1LXRMY01nQUNUbE82YWptbE9pWGxmdWtZMTJDWThUeUl,Google News RSS; quarterly backfill,,NEWS_GOLD_SENTIMENT,google_news_rss,sentiment_score,0.0
gold_news_sentiment,2026-02-01,2026-02-01,"Gold prices today, February 1, 2026: At the end of January, SJC gold prices increased by over 19 million VND, while world gold prices increased by over 500 USD. - baonghean.vn",https://news.google.com/rss/articles/CBMi1AFBVV95cUxNS2VpNzhHNmZUT1U5Sk95dVlZOWxVamZYTVdYc2dfUDhvdVNZZGJxQlVPWFdXcHBPOXUxSW80cXFrVm8yZm1NbkJSTkhUeTdKX29GQ0x2SXhkTGRnRld6dkpzcGNBWFl4aWxFcUlyb0NXN2lsODQ,Google News RSS; quarterly backfill,,NEWS_GOLD_SENTIMENT,google_news_rss,sentiment_score,0.0
gold_news_sentiment,2026-03-04,2026-03-04,"Gold prices today, March 4, 2026: Prices for SJC gold, gold rings, and 9999 gold are updated continuously. - baonghean.vn",https://news.google.com/rss/articles/CBMitAFBVV95cUxNYy1iVFhtYjk3c2lyajZXNXRLTHhSUnJfZ21fNHk4OGRfdk9YeWRveEpDUXVud0sxQlVtVVUwSlVxMU1IdEhyNEJxR3dCNk93WXQ5clZ2eUcyVTg2MHJSYVZFalFTaUg2cjh5MUdLcURiWWtiVWt,Google News RSS; quarterly backfill,,NEWS_GOLD_SENTIMENT,google_news_rss,sentiment_score,0.0
gold_news_sentiment,2026-03-06,2026-03-06,"Gold prices today, March 6, 2026: SJC gold price, domestic gold ring price, and world gold price for Friday (early morning). - baonghean.vn",https://news.google.com/rss/articles/CBMizgFBVV95cUxNajlxeW80VGJhYW9XZ0xsMEZySVFGX25mV25iSkxRYkV5WGY4dU9KaVhyRXZzQUlFSGFmZ0tJTmZzVHV3cVlDdEkzcjdxM0k3dU0zb3RGSDdWNmp1Y2FLdkhLNGV3bVVHc1BNUTl0TFpJWTVTckh,Google News RSS; quarterly backfill,,NEWS_GOLD_SENTIMENT,google_news_rss,sentiment_score,0.0
gold_news_sentiment,2026-03-07,2026-03-07,"Gold prices today, March 7, 2026: SJC gold prices, domestic gold rings, and world gold prices for the weekend (earliest update). - baonghean.vn",https://news.google.com/rss/articles/CBMi0AFBVV95cUxNTGVVbW5CYkFlS0FBZjI1STZtSC1MWmNhYnU3aUw2azMwYnEwMUE2aHF6Y3drSmx2SHJUX1lMU1V2SjF5eVFRem9IM3AwVnpNYnloSHlGYWdvd0JvaWRybFhqY2NwakJ3NnZWOEtUdEg3WTRMdFZ,Google News RSS; quarterly backfill,,NEWS_GOLD_SENTIMENT,google_news_rss,sentiment_score,0.0
gold_news_sentiment,2026-03-07,2026-03-07,"Gold prices this afternoon, March 7, 2026: Table and chart of SJC gold prices, 9999 gold prices, ring gold prices, and world gold prices. - baonghean.vn",https://news.google.com/rss/articles/CBMixgFBVV95cUxOUXVhUE9BZHQ4ZG9YYjAtRXRrdVNaV1ltdFVKalBJbjM1dHlLREpQMlo2UHRCNl9OOXM4OFRubjE0bGdSdHMtSktqN3h6Ry1Xckk4VUJzaHZWZ2d1aDJMM3RzLWVFZ28yTDE0alNPOVhQUTZVUjR,Google News RSS; quarterly backfill,,NEWS_GOLD_SENTIMENT,google_news_rss,sentiment_score,0.0
gold_news_sentiment,2026-03-10,2026-03-10,"Gold prices today, March 10, 2026: Domestic SJC gold prices, ring gold prices, and world gold prices for Tuesday. - baonghean.vn",https://news.google.com/rss/articles/CBMizAFBVV95cUxNdHdsUEtuWVdKV0diWVQxXy1FbHpYMlRlRE0wUHZGX3Q3eVdzNDVmSzNmc2lfTjk4bG1fMkMySUVQTTZNTDJNbGJCVmE5Ykdpc3lPSVhLbkw0VWpDak5aQW1EaV9OV1ptRHJMOC1ZN1V6bFJrOGV,Google News RSS; quarterly backfill,,NEWS_GOLD_SENTIMENT,google_news_rss,sentiment_score,0.0
gold_news_sentiment,2026-03-11,2026-03-11,"Gold prices today, March 11, 2026: Domestic SJC gold prices, ring gold prices, and world gold prices for Wednesday. - baonghean.vn",https://news.google.com/rss/articles/CBMizAFBVV95cUxNUHBILXo1WlBuUi1CQW5JZUlXTzdLRkNyUUJ5aDdiU0t1X184ODFpZDEzWDRKWGdIOWFmR25CLWdOeFREQU16ZDBtb0d0d3ZiakxYc2JTOC1RWkVucFJNbnNmTEk0TUxhWlpUQWdYeEVaWU5xdDI,Google News RSS; quarterly backfill,,NEWS_GOLD_SENTIMENT,google_news_rss,sentiment_score,0.0
gold_news_sentiment,2026-03-12,2026-03-12,"Gold price update today, March 12, 2026: Domestic SJC gold price, ring gold price, and world gold price. - baonghean.vn",https://news.google.com/rss/articles/CBMiwwFBVV95cUxNdjJMUVA1TEZYZTlNazVGNkdzdXA4Sk56M2tsOUZyM0c1ckR2RDlFOV9sZkVBcTAxWmd3RzIzdzhSSGtVc0ZHbTB1ZEhFd3NCZXRwMEE5T18zMG5YMFZoUDdHY3p4a2M5T1ppOTZ0SEJCZ3ZfRUx,Google News RSS; quarterly backfill,,NEWS_GOLD_SENTIMENT,google_news_rss,sentiment_score,0.0
gold_news_sentiment,2026-03-14,2026-03-14,"Gold prices today, March 14, 2026: Domestic SJC gold prices, 9999 gold rings, and world gold prices for the weekend (earliest update). - baonghean.vn",https://news.google.com/rss/articles/CBMi0AFBVV95cUxNMmU5NEcwVjQ4UEhhZVBMLVE3STZzNVJ3dHpHTmd1OS1XeFkyQndfRlJzWi1NeUJPNVA3Tm5kaDhXcDk0aU9CV3I3RVF5SnV5SnBPUEVkempqNjBwY3RWSnJOUW1uUmgzMTM2ZVRWQVpEdU5NNzd,Google News RSS; quarterly backfill,,NEWS_GOLD_SENTIMENT,google_news_rss,sentiment_score,0.0
gold_news_sentiment,2026-03-15,2026-03-15,"Gold prices today, March 15, 2026: SJC gold price, 9999 gold ring price, and world gold prices for the weekend (earliest update). - baonghean.vn",https://news.google.com/rss/articles/CBMiwgFBVV95cUxOUUFOZmd2LVlvaG94UjFIZDN6YmxDX2YxMkRRb2I2aEJ2NlJRNkQ4TmZkVE9xSTlzTGxUQ2RFWVduYUlxbnF5dHh5MHNpeUxYT0lWczB3RzZVdXEtaXVzRkRoMVhmTmNHd1hqNTZkdDM1VkVFMmU,Google News RSS; quarterly backfill,,NEWS_GOLD_SENTIMENT,google_news_rss,sentiment_score,0.0
gold_news_sentiment,2026-03-17,2026-03-17,"Gold price update at 3 PM today, March 17, 2026: Latest prices for SJC gold, 9999 gold, gold rings, and the third-world gold price. - baonghean.vn",https://news.google.com/rss/articles/CBMizwFBVV95cUxObWtkSkdhekRSS05pV2JOS0JvWGs5R3puODdFNUc4dHhYcXctenYyNlMyM25KdTlyYU5BS1Nybk5BSlRMSjRzci1SQnJiN2ptVUtSZUdyV094aVVGV28xejUzNmJoNGRlQTZWZmtyQmtCUDVQZTd,Google News RSS; quarterly backfill,,NEWS_GOLD_SENTIMENT,google_news_rss,sentiment_score,0.0
gold_news_sentiment,2026-03-22,2026-03-22,"Gold prices today, March 22, 2026: SJC gold price, 24K 9999 gold ring price, world gold prices at the end of the week. - baonghean.vn",https://news.google.com/rss/articles/CBMivAFBVV95cUxPeVhOVlZZU0dFODh0RUdMakxENDBfN01xUHRoMGNzVkpJMW5nZjB2cUQ2X0tsVUw2SllpQ2FyMUY5Sk0yN1N2dnctZThWbWZZbFVJR0hiWjV5X05tUG1OTktQSThXd0JvcndHNEFqZEMzN1A1anR,Google News RSS; quarterly backfill,,NEWS_GOLD_SENTIMENT,google_news_rss,sentiment_score,0.0
gold_news_sentiment,2026-03-23,2026-03-23,"Gold price update today, March 23, 2026: A decrease of over 2 million VND. - baonghean.vn",https://news.google.com/rss/articles/CBMiuwFBVV95cUxOdnRUNXdZTWdhM2wtcXVDQm1ocjRhQkx2YTc3SmEwSUtMWFZzdFpRbzB5WGh3S3htZFNUVEVvdHBnLUdlQ0pLTWJ0ME9YZy1XejRodGU5b0M4UnNDOFJxX2pWQ2VSd05hNjdkMi1lX0Y2cUpQM0F,Google News RSS; quarterly backfill,,NEWS_GOLD_SENTIMENT,google_news_rss,sentiment_score,0.0
gold_news_sentiment,2026-03-25,2026-03-25,"Gold price update today, March 25, 2026: SJC gold price, 24K 9999 gold ring price, world gold price. - baonghean.vn",https://news.google.com/rss/articles/CBMiuwFBVV95cUxQNzV5VzdBY2VGbTJZN01TZzVoYjZpNFB0dkd4ZGZtTmE5V0VyMzlrazE4WFM2bVA3eHBSSkhacUhxcmM3bmV3c3h1MWJ4VmFXaXRZWkhkN1VCeEdBbEN6WlhFdVFKZ2FSSlBTekhtbWZmRUx4Qk9,Google News RSS; quarterly backfill,,NEWS_GOLD_SENTIMENT,google_news_rss,sentiment_score,0.0
gold_news_sentiment,2026-03-26,2026-03-26,"Gold price update today, March 26, 2026: SJC gold price, 24K 9999 gold ring price, world gold price. - baonghean.vn",https://news.google.com/rss/articles/CBMiuwFBVV95cUxQWUtadGdaTndaX3I5bW1CS1dleFJrU1VRSnEzVjRfakpSZVVkWkpOYU41U2gwUUhaSFF5MGJ1T2ktUGpzXzBYdzNTRUZObE9jdjlmMGxxOGJwbGxaOE5VeEUyT0RGNTRjS1dBS2JwWEVuVlM3M01,Google News RSS; quarterly backfill,,NEWS_GOLD_SENTIMENT,google_news_rss,sentiment_score,0.0
gold_news_sentiment,2026-03-27,2026-03-27,"Gold price update today, March 27, 2026: SJC gold price, 24K 9999 gold ring price, world gold price. - baonghean.vn",https://news.google.com/rss/articles/CBMiuwFBVV95cUxQdDg3VUpQRDdKWDJfTTNDVTdxblVFVjFfMXpmMFNpMTBCX2FLNkdvZ1gzWktFSWNIaDFyekkyZllLdUs4cEtTaXJvTHhtd1NrQ0VKYmlGTFhlNE5QVDNvRC1pSThaRnZHWEpabmkxNE85d2MyYnN,Google News RSS; quarterly backfill,,NEWS_GOLD_SENTIMENT,google_news_rss,sentiment_score,0.0
gold_news_sentiment,2026-03-31,2026-03-31,"Gold prices today, March 31, 2026: SJC gold price, 24K 9999 gold ring price, world gold price. - baonghean.vn",https://news.google.com/rss/articles/CBMirwFBVV95cUxQYWVHaFRrc0tFZkFndjVIbnlva1RoTE1VS1ZmcmxyUnotUUtiTEZkQklMTXdFR0NSTVZ0TFBCb01ZbHVwSHByQVJFbUFxaUpvaHdZWVlLMlFOMUxFVHZKZWJTRU9nU3FRdlRwbVowTHRSNmZaZUE,Google News RSS; quarterly backfill,,NEWS_GOLD_SENTIMENT,google_news_rss,sentiment_score,0.0
gold_news_sentiment,2026-04-13,2026-04-13,"Gold prices today, April 13, 2026: SJC gold price, 9999 gold ring price, 24K and 18K gold jewelry price, and world gold price. - baonghean.vn",https://news.google.com/rss/articles/CBMiygFBVV95cUxPeUJMT3pwUS1uNHQ5akoxWUNucVJjR1B3UWE1M0pMbEl6dkZrTWk0eDlHQVp5bHR0dGJtTFJlMjZYdkxtUVhzMWZrbDVCbGM0ZWJTa2xMM3doVWs4by1hanZtUFI5UmliR1VITnVpeWdhdzdKcEl,Google News RSS; quarterly backfill,,NEWS_GOLD_SENTIMENT,google_news_rss,sentiment_score,0.0
gold_news_sentiment,2026-04-16,2026-04-16,"Copper and Gold Market Outlook 2026: Prices, Supply and Mining Costs - S&P Global",https://news.google.com/rss/articles/CBMi0wFBVV95cUxNdTUtSUwxZlJMd3BrMWUwbEExV1N3RmJTaVE4VnV6SnNPV1JuM0xKR1dWby12SXk2bl9HMXhnbEFKaHN1eGZGSkRoMFd0dTdtTUtDVmJGaHJFVGJuUEhucG9FbkI3VEI2RVdNNnp2Rm9HZmhFR1I,Google News RSS; quarterly backfill,,NEWS_GOLD_SENTIMENT,google_news_rss,sentiment_score,0.0
gold_news_sentiment,2026-05-10,2026-05-10,"Gold prices today, May 10, 2026: SJC gold price list, 9999 gold rings, world gold prices. - baonghean.vn",https://news.google.com/rss/articles/CBMiqgFBVV95cUxQT3p6ck8yT0xodFNnUUdHd1h2U1VKQmRCMkloWEVDcDdqeVRVVzJlOTVNVGVMWlA1YmRub0ViVE9XUDdJU0tDWmtOR1A3Yi1WSEJ6ZjFoYnVraEMxN2dHTFFpM3I1YXVBVnZzVVBpOF81VHpVbTZ,Google News RSS; quarterly backfill,,NEWS_GOLD_SENTIMENT,google_news_rss,sentiment_score,0.0
gold_news_sentiment,2026-05-18,2026-05-18,"Gold prices today, May 18, 2026: SJC gold price list, 9999 24K gold rings, world gold prices. - baonghean.vn",https://news.google.com/rss/articles/CBMirwFBVV95cUxOeDJkOVYydjRZRmNNWFRfdEZRM2RuRlE1V2hLTVNuaDF4SWcxams3dFZDdUJhYzdVSU1oN25zZ2o3aHJKelJRSWowQnhIQkZOMnZSUGZYY0tnUHI4SzlwMGloNnFvZEVUQVdpM05zd2dWa0d6V2l,Google News RSS; quarterly backfill,,NEWS_GOLD_SENTIMENT,google_news_rss,sentiment_score,0.0
gold_news_sentiment,2026-05-19,2026-05-19,"Gold prices today, May 19, 2026: SJC gold price list, 9999 24K gold rings, world gold prices. - baonghean.vn",https://news.google.com/rss/articles/CBMirwFBVV95cUxOY2VHVFJQT0RodFFGX2p3MmhwWHpEN2hrc2pwYVVmWC1yY1JaQXBkcVRRQVY2ZWdDZ2trUnBSUzlINDhFdFd6dVR6TFNQc1J4c19DRllDc3RkOW9sT1lIdVNienV0aVg5ZlFUbjhoTnEtLXJjZ1V,Google News RSS; quarterly backfill,,NEWS_GOLD_SENTIMENT,google_news_rss,sentiment_score,0.0
gold_news_sentiment,2026-05-27,2026-05-27,"Gold price update today, May 27, 2026: SJC gold price list, 9999 24K gold rings, world gold prices. - baonghean.vn",https://news.google.com/rss/articles/CBMiuwFBVV95cUxOQ0wtMklZSEhHTlpIU0RLWDlHZFpjelFkbzZQVjhXXzRCY2Ixa2JhZDI4NEZiZm5vR2VEeTNiT3d1N0w5YjNVcjZmWlBGVlFZM3ViZXhkVUZEOFpZX3dSSElJTnFFVk9SRldabVZLZ1FVcFJ5Q2h,Google News RSS; quarterly backfill,,NEWS_GOLD_SENTIMENT,google_news_rss,sentiment_score,0.0
gold_news_sentiment,2026-05-28,2026-05-28,"Gold price update today, May 28, 2026: SJC gold price list, 9999 24K gold rings, world gold prices. - baonghean.vn",https://news.google.com/rss/articles/CBMiuwFBVV95cUxQSEZxZHpDYmE5VEtqdU1fSlBLbVZwT2Q0T096aWk5WEZXaHdFa0lFWUIySFk4dGxZWi1qMklhVkZsVGstdWpRSVhuZG9NRDRzMGpyOW02ZWZRYVRxZ3hNbHBuOVVCYnNOYmdjOW9paUlZczdabjQ,Google News RSS; quarterly backfill,,NEWS_GOLD_SENTIMENT,google_news_rss,sentiment_score,0.0
gold_news_sentiment,2026-06-02,2026-06-02,"Gold Outlook: Bulls Eye Rebound, Though Futures Exposure Remains Weak - FOREX.com",https://news.google.com/rss/articles/CBMitAFBVV95cUxPZ2V2TWZQSGdydzA3MnVJT3RFSHhmZ0lqblg5Z212NU5scWt0V0o1ejJLVWZmZkw2ampsQzdfM3RFNUpQSGRJQlVEbTBGeHpmLWphWTVuOUVWcDE1ZGJUdDV1ZVpIWnVBY0pwbEJqYm9NM2RndDZ,Google News RSS; quarterly backfill,,NEWS_GOLD_SENTIMENT,google_news_rss,sentiment_score,-1.0
gold_news_sentiment,2026-06-02,2026-06-02,Gold prices decline - VnExpress International,https://news.google.com/rss/articles/CBMihAFBVV95cUxNd3NIVHJnQ240SkZnWnNVTmdJc0kwNDFXWVJCUndVaW9PYkRzUHlCM2VmanFma1FMU3dqbGFWeVp4ZFA1RjQ0aE9TMy1jUXA3ckZFVzR0LWxFTndqMUJyS1YzajE5SHcwRjduazJTM1dnU2o4Sld,Google News RSS; quarterly backfill,,NEWS_GOLD_SENTIMENT,google_news_rss,sentiment_score,-1.0
gold_news_sentiment,2026-06-05,2026-06-05,Gold Price Outlook – Final Drop Before the Uptrend Resumes - FXEmpire,https://news.google.com/rss/articles/CBMiqwFBVV95cUxNcjVqQ0hrcUd4a2NhUE54VE9ZSllPbnRCWnRwUXpMM2tnQklrY2ZWSXlpTjFNY1VyUFp4dVpKdlVWWVZib0hQenpMMWQ2Ql9seGJpdnhkWHB0UzF5SmloNDBmMWZEdWY2NVdKeTlOZ2NONFd2NEl,Google News RSS; quarterly backfill,,NEWS_GOLD_SENTIMENT,google_news_rss,sentiment_score,-1.0
gold_news_sentiment,2026-06-08,2026-06-08,Gold forecast: Breakdown below key support shifts the near-term outlook - FOREX.com,https://news.google.com/rss/articles/CBMiuAFBVV95cUxQZUx4NkJnMDZmdzVxaUpjRmUtVEs5V1c5ejN3VUZlVXpaZGJNcENPamhSS050UDN3Tl9RTFBjNU94ZU9pVWNRaWdHRXFoelBaNS12V1hya1pkMUZXbDN0ODFOZS1NS1pRcHczaUtFbTVVWHprbEd,Google News RSS; quarterly backfill,,NEWS_GOLD_SENTIMENT,google_news_rss,sentiment_score,0.0
gold_news_sentiment,2026-06-08,2026-06-08,Gold prices continue to decline - VnExpress International,https://news.google.com/rss/articles/CBMilAFBVV95cUxPRTRMc1dEOEs2bTQ3X19QV1JDSGNncnVwalhXWmVOZjVBS3hkbTdhR1lTVjlVV3JPcFlRdzZwU08tTkRITU8wX3JnYnV6eGFHSFU0OU9LRlVVbkhTWlR0anNJZkVGZ0J2YU95VE45Y2VGdWJITFB,Google News RSS; quarterly backfill,,NEWS_GOLD_SENTIMENT,google_news_rss,sentiment_score,-1.0
gold_news_sentiment,2026-06-09,2026-06-09,"Global Market Outlook: Forex, Gold and Silver Analysis - Investing.com",https://news.google.com/rss/articles/CBMingFBVV95cUxNS3hySl9uUFYxT0NhYmpmbWd5R3U0UUEzNjVYRW9rOWNGSm5ZN05XamtINEpiRUl5bHpuMDFBVmEwLUNPQzJHVzY2RHlNNmc0Rjc4elFSZWxMOVlkRFhuRXUxSWNXelkyUVE0cnhJQ2x5eTRSWGd,Google News RSS; quarterly backfill,,NEWS_GOLD_SENTIMENT,google_news_rss,sentiment_score,0.0
gold_news_sentiment,2026-06-10,2026-06-10,Gold prices extend morning drop - VnExpress International,https://news.google.com/rss/articles/CBMilAFBVV95cUxOZkVib3dtb0dpUFpHQTZCU0FWd2w5MmZaTXR2aWFmWGxGQkExcGVwTHlwWXBMNTlHUHBBM1cyeEVlSWJmTnJ3cmY2eHF0UWtBdlVqV2prRjZKbHoxUkV6RHhXaGYwMVUyb2dPd3ZWdUdST0paVE5,Google News RSS; quarterly backfill,,NEWS_GOLD_SENTIMENT,google_news_rss,sentiment_score,-1.0
gold_news_sentiment,2026-06-10,2026-06-10,Gold prices plunge - VnExpress International,https://news.google.com/rss/articles/CBMigwFBVV95cUxONzBTTUdOZDNtcmJSb0k1X2ZaS2VSU3ROZ21NWDBCemYtellfVDZ1MVFraW1PQmJOaVlCekl2TzVnXzBMVFV4aXhfMXR4cUtTeFBNU2RRazFCa2xZNHkxVmlnWllfRVh4YVh4b2E1T1NuQ1ZrOG1,Google News RSS; quarterly backfill,,NEWS_GOLD_SENTIMENT,google_news_rss,sentiment_score,-1.0
gold_news_sentiment,2026-06-11,2026-06-11,Gold prices rebound - VnExpress International,https://news.google.com/rss/articles/CBMihAFBVV95cUxNaFpPa0NfblBJbnk5S1cydTBZNmhzYXlkNllYemtrVDlzQ3U0Mm9oTHN2ZFJjdndWR0VQVUZTX2RzaHFLTlI2XzJHdmtHMmN4bEQ0cDVXSU9rM1dxZURVNFFRRkgyMnk4ZG81bUFHdTZhUURzZUF,Google News RSS; quarterly backfill,,NEWS_GOLD_SENTIMENT,google_news_rss,sentiment_score,0.0
gold_news_sentiment,2026-06-12,2026-06-12,Gold prices rise 5% in one day - VnExpress International,https://news.google.com/rss/articles/CBMikgFBVV95cUxQUzNqWjRob2xwby1wVmZxMTlWclJCQU5LdlowNXZPR0tUdzBRaXg0UWJvaVdBcFctRU1pNWdYajNOMEFWUDhDZHR4TDRMWk9qSDVGakd6UEpKY0JBZHRHQXJhbnV6VXFlTEg3NTNmRXp5cmp2dnR,Google News RSS; quarterly backfill,,NEWS_GOLD_SENTIMENT,google_news_rss,sentiment_score,1.0
gold_news_sentiment,2026-06-13,2026-06-13,"Gold prices today, June 13, 2026: Prices of SJC gold bars, 9999 gold rings, and world gold prices. - baonghean.vn",https://news.google.com/rss/articles/CBMitAFBVV95cUxNQ0llSWtZQVpvMHVhZnRmVFlyajI4eHNtMFFrSEpfT0xVeXlzRWJfeV9PdE1DWmdidS0yaDlhWk50b3ozbE1SbnYwSVVpYXpnalhJZzJNZV9OdVNMclBuSmhPaTBuVU1jQ0l5MndTd1JmeDVvM19,Google News RSS; quarterly backfill,,NEWS_GOLD_SENTIMENT,google_news_rss,sentiment_score,0.0
gold_news_sentiment,2026-06-14,2026-06-14,Gold weekly outlook: Central banks and US-Iran deal eyed - FOREX.com,https://news.google.com/rss/articles/CBMipAFBVV95cUxQY1pTVHlscVpaTEdlNTY2bGNGZ293Q2YwMFY2UFN2Y19Cb28xWWo0eDBDM3ZTc3lDUDRhWHE1UW5pdjBrR2d4ZEtzelROWWJSVW9MYkZZdG1TTldJQm1QdUI5YTh0VDM4clFXeGhmdWRDRjFqQXU,Google News RSS; quarterly backfill,,NEWS_GOLD_SENTIMENT,google_news_rss,sentiment_score,0.0
gold_news_sentiment,2026-06-14,2026-06-14,"Gold prices today, June 14, 2026: Prices of SJC gold bars, 9999 gold rings, and world gold prices. - baonghean.vn",https://news.google.com/rss/articles/CBMitAFBVV95cUxNRmNrd2dadUt1S1hrcU1GZ2N4NUM3TGJBZ1pWSUl5eG5CS0pqTnZsOF9jajF0eVhrcTNCeVhNQ1VRdEEtTDBtRFB0Z25TVXczVHFvVzQ3UERqR3dOMnR2eUpiQ3VNUURnODBpSXNGdUZEaEhWM0V,Google News RSS; quarterly backfill,,NEWS_GOLD_SENTIMENT,google_news_rss,sentiment_score,0.0
gold_news_sentiment,2026-06-15,2026-06-15,Gold forecast: US-Iran deal optimism lifts metal ahead of central banks - FOREX.com,https://news.google.com/rss/articles/CBMiuAFBVV95cUxOcW1zOEluVGlIWjdINDhMUjFjUmpiQWszcU5Jekl6b0o3X2FkZzZBV3NWZHUyaEJCekZUQTF3anpiWlpIWlB1N0tRbDQySWtialZZZEM1S0ZyZTRJeXJpNS1QOVpENUE1cGNCSzR2YXhuODFvWm5,Google News RSS; quarterly backfill,,NEWS_GOLD_SENTIMENT,google_news_rss,sentiment_score,0.0
gold_news_sentiment,2026-06-15,2026-06-15,"Gold prices today, June 15, 2026: Prices of SJC gold bars, 9999 gold rings, and world gold prices. - baonghean.vn",https://news.google.com/rss/articles/CBMitAFBVV95cUxOU2JoVURGR2tRRnJQNnRuSV9nRDllUGhJM3VyMjJjZ1BJeW9nQmh3cEFQcEVBRkI2VkxMVUVQM2dzbUZlcnFDUDh6ZXYtLWVvYlVzN3NvRkR1NGxtU2QxdDJDdklrdXVwMkJUSG9qY2otckIxUkl,Google News RSS; quarterly backfill,,NEWS_GOLD_SENTIMENT,google_news_rss,sentiment_score,0.0
gold_news_sentiment,2026-06-15,2026-06-15,"Gold Price Forecast 2026: Analysts See Potential Surge to $4,600 and Beyond - News and Statistics - IndexBox",https://news.google.com/rss/articles/CBMiqAFBVV95cUxNZmdubzA1endpWHlmR1JSMUxDUVdQWlF1QmtWWDQwZGpCRXlkb292ejhZZU44eXZYZkZJNDZkZ29EYWlZUGtKbzk1QmFrRkF5akhPUzRyVEozQTJNeXhBUW16MlBIREUyNkV0VDZIWFY2ODVmQlN,Google News RSS; quarterly backfill,,NEWS_GOLD_SENTIMENT,google_news_rss,sentiment_score,1.0
gold_news_sentiment,2026-06-17,2026-06-17,"Gold's bull market has room to run as inflation risks, fiscal deficits support prices - Wells Fargo - KITCO",https://news.google.com/rss/articles/CBMitwFBVV95cUxOQU1RaTNtRFFlWlhFYXVibmh3bTBjcFFFQlpQVE43UXlGZUVGY2tjTGIxZjMtRkVPYWFCUVNXV2hoWFBCZ3JCdFpnLUZFZWFYSXdMemVER0NiMlI5RG1SSmF5NGZxc0lvbjFrWUMwZ094UzBWUkp,Google News RSS; quarterly backfill,,NEWS_GOLD_SENTIMENT,google_news_rss,sentiment_score,-1.0
gold_news_sentiment,2026-06-17,2026-06-17,Gold prices slip after morning gain - VnExpress International,https://news.google.com/rss/articles/CBMimgFBVV95cUxPdmxxNTV3ZUI4cVpneVVpb2ZWS3BzWHNrQXlEdjBXd2g3SVl2X1FfUm9kaWVfTmV4b3FCNFZDb3A0WXpEblAyLWk4NEJjUGdwMV9EbFdaSWhlcWhPZ01WZzJoenRReHdaLWtEQU5ZMzhrQm4yTWV,Google News RSS; quarterly backfill,,NEWS_GOLD_SENTIMENT,google_news_rss,sentiment_score,1.0
gold_news_sentiment,2026-06-17,2026-06-17,Gold Markets Reprice as Middle East Risk Premium Fades - StoneX,https://news.google.com/rss/articles/CBMilAFBVV95cUxOSDFTNXphWTJiU0dVZnc0cGxxTUZPRlhRbVFXTjRYRTJpWDFQYm5wSFpPdDIxdW5VZFRxcUt2Mms1N2lJdDVMbGo3TndCVEctS2JJWGRmQVgzSEhreHJIbnBkUUM0V01SZ09JNGcwd2dQdTNZV2V,Google News RSS; quarterly backfill,,NEWS_GOLD_SENTIMENT,google_news_rss,sentiment_score,-1.0
gold_news_sentiment,2026-06-18,2026-06-18,"Wall Street bears back in control after the Fed’s hawkish outlook, Main Street leans bullish despite gold’s backslide to $4,200/oz - KITCO",https://news.google.com/rss/articles/CBMivgFBVV95cUxPbVZXazRLSndBdFZMd3IwOGpqMDh3ampmQWFaM253cEhOTEtYWlF5aGozQjZWdFUwV0dHS2NLd2lLbGFDTXhDZXc1WDNGcVNhcGtFZjJ3RXptWklvLUp5Tl9pR3VaWXg5aXhzOEpYNWZZV1pob20,Google News RSS; quarterly backfill,,NEWS_GOLD_SENTIMENT,google_news_rss,sentiment_score,0.0
gold_news_sentiment,2026-06-18,2026-06-18,Gold prices decline - VnExpress International,https://news.google.com/rss/articles/CBMihAFBVV95cUxNcF84eW1pbHltM3dwb0N4U0cybzd2V044V0xuaG45TTk4OVJobXZEUGJaaVlMcmZBWFdwQUlnYmpMNF8ybGRMV0tJNFJ4RVNhSTM4V1FJdHhGZ2c0RHdKMklfRTlZTnhERkdMRWdUVG93NjlWSDU,Google News RSS; quarterly backfill,,NEWS_GOLD_SENTIMENT,google_news_rss,sentiment_score,-1.0
gold_news_sentiment,2026-06-18,2026-06-18,Infographic: SJC gold bar and gold ring prices remain unchanged on June 18 - Nhan Dan Online,https://news.google.com/rss/articles/CBMisAFBVV95cUxQX3ZHc1VCQnhpMkhhYXgyUDNIYXhURFNkN0FFQWM5U0FjdGtZZmlTcEtRd21maXB2bDZpdDVyUFVjZTR0WjNBUEJZRWxXTFJfdnMxWXY2Mnd1bUpRbnlBbFkwbmlCT3RXNk9hVWlGWWVESUdyYlE,Google News RSS; quarterly backfill,,NEWS_GOLD_SENTIMENT,google_news_rss,sentiment_score,0.0
gold_news_sentiment,2026-06-18,2026-06-18,"Gold prices today, June 18, 2026: Prices of SJC gold bars, 9999 gold rings, and world gold prices. - baonghean.vn",https://news.google.com/rss/articles/CBMitAFBVV95cUxQbnRZeGhISFpIQUJjRDlWWThrYVlOZHhGYVc4dEtscDBLdUYzLWpWczF3MHUxQXN6Z3NzNW82SkstVGtaOUtISVp0SVpQNnlMR1dSOHJuUFFYdzdZMk15dlNZRVpCYV9oVGFQMFFMREpGVlN4M2J,Google News RSS; quarterly backfill,,NEWS_GOLD_SENTIMENT,google_news_rss,sentiment_score,0.0
gold_news_sentiment,2026-06-19,2026-06-19,Gold News: Fed’s Warsh Rewrites Gold Market Outlook With Hawkish Shift - FXEmpire,https://news.google.com/rss/articles/CBMiuwFBVV95cUxQY0c1Zy04T3FRYkJMbnpvanJuS252YmI2ajdfbm1iZ1ltR3VFbENCZmZBbDJoMUNQWEdnOVhtcG04a0ZhQWh0SU5fSVVackMxbGNGc2dDdklwdl9KX0Z3dktyOGdwdk5hY1lBVURHalpUYkZIQTd,Google News RSS; quarterly backfill,,NEWS_GOLD_SENTIMENT,google_news_rss,sentiment_score,0.0
gold_news_sentiment,2026-06-19,2026-06-19,"Goldman cuts gold price forecast down to $4,900 - Mining.com",https://news.google.com/rss/articles/CBMieEFVX3lxTE01ZXVNTHM3bzhnOTFFWkg1QU1ZZ29MaGZPT1FSM3ZPOFRaWVh4MU9zakxNWG90NzhETkR5bW1hMi1YWkFrakFRcjE4N1lqTUhha0JsYnVaSFFnWnNNcmY3RWFZRGFJMmZQTHdYRXFJeUdabEpURmF,Google News RSS; quarterly backfill,,NEWS_GOLD_SENTIMENT,google_news_rss,sentiment_score,0.0
gold_news_sentiment,2026-06-19,2026-06-19,"Gold prices today, June 19, 2026: Prices of SJC gold bars, 9999 gold rings, and world gold prices. - baonghean.vn",https://news.google.com/rss/articles/CBMitAFBVV95cUxORDdNT3V5ME1WRnpubWZYR0M2dnpoV1VKNi1sRzZWMHh4cDZsN2w0anhHaUFMVHhvcVlJTnl3M3JBZmVYUWk4T1NFcG1FSzUyc0RpYXdtR005TzRoRVFMczN3WkhrR2dua0hBMUhnbDE0bG5PMUl,Google News RSS; quarterly backfill,,NEWS_GOLD_SENTIMENT,google_news_rss,sentiment_score,0.0
gold_news_sentiment,2026-06-19,2026-06-19,Goldman Sachs Reduced Its Gold Price Target for the End of 2026 - Yahoo Finance,https://news.google.com/rss/articles/CBMipAFBVV95cUxQOEFhWGxxUWxNMk9Qbl9QRnUwbXliZkgwMWFBZmtDWlRNMzNLZjlWaGxmNUxNcDQ0Y2l2dzhzTjhvWkRZcWxIR29sRUNLSnR5SWhKRWQ3WThRbS1qdFhnSFVpZ1Z5OU5WM2tQSjFLLW5IWTU2MG5,Google News RSS; quarterly backfill,,NEWS_GOLD_SENTIMENT,google_news_rss,sentiment_score,0.0
gold_news_sentiment,2026-06-20,2026-06-20,Gold prices rise - VnExpress International,https://news.google.com/rss/articles/CBMigAFBVV95cUxQVFJTc1RQazFIcnpMQjQwYW5YSUt6TU15SGlqVzhtbjA4Um5MUW5LQW9ldjRTTjQwd2NDc2x6QnV4NDNLY21YeC1kcXJzdG0tSVRXNkNKeHl6SG1sTmdrWjl5UnRtZHY3VVphRjkxODBfNFg4bTl,Google News RSS; quarterly backfill,,NEWS_GOLD_SENTIMENT,google_news_rss,sentiment_score,1.0
gold_news_sentiment,2026-06-20,2026-06-20,"Gold prices today, June 20, 2026: Prices of SJC gold bars, 9999 gold rings, and world gold prices. - baonghean.vn",https://news.google.com/rss/articles/CBMitAFBVV95cUxNNGhqdktfTzBQZlkwWTdUR0V3OGpUN3kyTFNtWjFIVFdVOV9ONnd0MjFMY3JLaWF4ZFVVZGNRbHVPY050cW41VjRzbE9ZU1BNMmpDeVhlY09xRTJlOVhKb2hzY0hwaWotRzduNDR1a3JvbVNtS2d,Google News RSS; quarterly backfill,,NEWS_GOLD_SENTIMENT,google_news_rss,sentiment_score,0.0
gold_news_sentiment,2026-06-21,2026-06-21,Gold prices gain - VnExpress International,https://news.google.com/rss/articles/CBMigAFBVV95cUxQWmhTck0tdzQwVlBzUXNUQ2NiTjVoRVhUbTNIN0xlTVpSQ05vUFdMR2pPWDJpVEo4TGdHRU1OYkFKN25LZUJLN2VmeFpQRE90S2tqeUxlYkgybVZzaVFWTUEwblh5YnFnRXplMEM4NDdQdHIzQW5,Google News RSS; quarterly backfill,,NEWS_GOLD_SENTIMENT,google_news_rss,sentiment_score,1.0
gold_news_sentiment,2026-06-21,2026-06-21,"Gold prices today, June 21, 2026: Prices of SJC gold bars, 9999 gold rings, and world gold prices. - baonghean.vn",https://news.google.com/rss/articles/CBMitAFBVV95cUxQSzZtOFJ4aWxsc2NKOUljOGotRnRuSFhxQTdsUGpvT2VMOHlodi1aRUh1OG52OFFmeFBYeTdjZ194aU4zc2E0ZnY4a3I0cUQ1bmJqTkl5cVhhN0RUVnNBMWNNc2dvQjV3MG85QmlfQ29GS1lmZ1F,Google News RSS; quarterly backfill,,NEWS_GOLD_SENTIMENT,google_news_rss,sentiment_score,0.0
gold_news_sentiment,2026-06-22,2026-06-22,Gold prices inch down - VnExpress International,https://news.google.com/rss/articles/CBMihwFBVV95cUxOb1ZtZ01qdkw0Q1FSbE5WZVp6MGFpRzdFWUdlaHJJeWlQQThwbkp4bzdMcURqVEQ4SkJiRUpkVzgyWXhJYTY5ME9nZWJGcUFKM0NGS01MY3RmT1pfQmtVREYyZW84MENWTkVILVg1V3NIX3NLZ24,Google News RSS; quarterly backfill,,NEWS_GOLD_SENTIMENT,google_news_rss,sentiment_score,0.0
gold_news_sentiment,2026-06-22,2026-06-22,"Why Gold Price Is Going Down? XAU/USD Price Prediction Based on Death Cross Targets $3,400 - Finance Magnates",https://news.google.com/rss/articles/CBMixwFBVV95cUxOVW1xZlJjejR3RzU3QjB6VGxEUFptODh6V25IWklXdVJUTFpwSmRDdE5DMGRaVWkwQ0V5M1R5NFlSdUZVamlNblMyUXZEVVFleVFRZV9Dd2NVTkpyVWtpMXk2OWZQWU9GRFpyYkZRdkRvTkR5WjI,Google News RSS; quarterly backfill,,NEWS_GOLD_SENTIMENT,google_news_rss,sentiment_score,0.0
gold_news_sentiment,2026-06-22,2026-06-22,"Gold Is Down 25%. Morgan Stanley Says One Number Unlocks $5,200. - GoldSilver",https://news.google.com/rss/articles/CBMijAFBVV95cUxNLVdhV1RYX29BQTVLeDh1eGVaWFpqZ1h4VENJWjBZUmgyY1N5ZlE2RWlmWkVJZ2w2bTR3SUY3YUMyWnZSRjZnYlB6VFg3SjdDblM2d1JTdVlaWTltMm54UXduY2kyeHBIZFVxRldMUHNJT3BsdWN,Google News RSS; quarterly backfill,,NEWS_GOLD_SENTIMENT,google_news_rss,sentiment_score,0.0
gold_news_sentiment,2026-06-23,2026-06-23,"Gold prices today, June 23, 2026: Prices of SJC gold bars, 9999 gold rings, and world gold prices on Tuesday. - baonghean.vn",https://news.google.com/rss/articles/CBMixgFBVV95cUxNYkg5ZnVaWDFDUTc4ckZRNU1hSVY1aXZ1RjhZOUo3Q3dTeEZsaW1UYnJranFsZmpVRnBST1ZVaXBNWTROTGRtcmdCOUpCRzlyVDRQcTlFNXFKU0pVakxOWExjR0pHcDM1bVNPOGoydV96a0NGMHd,Google News RSS; quarterly backfill,,NEWS_GOLD_SENTIMENT,google_news_rss,sentiment_score,0.0
gold_news_sentiment,2026-06-23,2026-06-23,"Gold prices today, June 24, 2026: Prices of SJC gold bars, 9999 gold rings, and world gold prices. - baonghean.vn",https://news.google.com/rss/articles/CBMitAFBVV95cUxNOWRFN3owV2dhdUxPaXBwUElZOE5yU2JOTXRZaWpwWVdCbzdIcC1kNWMxM2pUWVZHclo2UENqYU94NjNWa3VnN0Z3dUNmZFJzUHhKRVdreXl3M2lheHZHM0ZfaFliNHZZbXdVYUdIc0l5MTJCM3I,Google News RSS; quarterly backfill,,NEWS_GOLD_SENTIMENT,google_news_rss,sentiment_score,0.0
gold_news_sentiment,2026-06-24,2026-06-24,Analysts Reduce 2026 Gold Forecast as Price Tumbles to New Low - jckonline.com,https://news.google.com/rss/articles/CBMid0FVX3lxTE1vbVU4em8xbUNpcTl2ZmxodmstUk9ocExsdTd6bXdhWkZ2c2VfWHlQSkZCTFdiWTJHaTExU2RkTVBBbEcyY3BXQzluQXQ2Z1VHa2Y3WDlNeklpZEh6MWNVWkVlSlZRWEJOamFaQjNGc3oxV3JDTzd,Google News RSS; quarterly backfill,,NEWS_GOLD_SENTIMENT,google_news_rss,sentiment_score,-1.0
gold_news_sentiment,2026-06-24,2026-06-24,Gold’s Correction Prompts A Forecast Reset - Seeking Alpha,https://news.google.com/rss/articles/CBMihgFBVV95cUxOZDVqNGtvd2RITWFVMlhKLXZZdDdRLUZQWE8tNDJDLXlsOV8wNWdsaHdFSS1sLWVBY1lBZTJjNUtRbmRJaXQ4THBhS3FPX09zNFc4a1A2TGJxUDU3aW1xd0xXSFgxNW5Xdi16bXBjemZ2WGptTmx,Google News RSS; quarterly backfill,,NEWS_GOLD_SENTIMENT,google_news_rss,sentiment_score,0.0
gold_news_sentiment,2026-06-24,2026-06-24,"Gold price prediction today: Why gold prices may drop further in near-term; check June 24, 2026 outlook - The Times of India",https://news.google.com/rss/articles/CBMiygJBVV95cUxPX01tNVJqVUY0UWdGdDNfY2t3WEM3WUgyc3dFUEh0UzJZcG01akMxeXZnQ3EwRjJjVDRQNFB4Y2hHcXBOazZyX1h6NkczcWw4dmlRdzJZVEJULXAwcGhjUHZ0bmZkTXR6bzV5eEo3LWJVelJacjA,Google News RSS; quarterly backfill,,NEWS_GOLD_SENTIMENT,google_news_rss,sentiment_score,-1.0
gold_news_sentiment,2026-06-24,2026-06-24,"Gold prices today, June 25, 2026: Prices of SJC gold bars, 9999 gold rings, and world gold prices. - baonghean.vn",https://news.google.com/rss/articles/CBMitAFBVV95cUxONWdoblRGQ19tYWtPYnVmb1hOaFE4V18wZ0dZMW1wajc4OV9LZTM2ZEpJRkNuRkV4aTd2S1NPcVcxMWdqd3UxdV9zZENhaHBjd2ZvN09jSXBwM0JTZG1HZGR1d3pSNHExUi1LNklDSXpZUDdSQjM,Google News RSS; quarterly backfill,,NEWS_GOLD_SENTIMENT,google_news_rss,sentiment_score,0.0
gold_news_sentiment,2026-06-24,2026-06-24,Infographic: Domestic gold prices remain unchanged on June 24 - Nhan Dan Online,https://news.google.com/rss/articles/CBMinwFBVV95cUxPMW91SDRaTTdpcTVackVuTmhxcmZFbnY5bDBkVHhJemduQS1nTWVvMnpacS1ISFJVWTdmbUJRUnZjaVk5SmlQTEdHZnA3RUEtVjRKVGl1VXpCTFZqSlVPZk93SHBFX2tadF92bmFOREg2VTJTbVB,Google News RSS; quarterly backfill,,NEWS_GOLD_SENTIMENT,google_news_rss,sentiment_score,0.0
gold_news_sentiment,2026-06-24,2026-06-24,"Gold Price Falls Below US$4,000, How Low Can it Go? - Investing News Network",https://news.google.com/rss/articles/CBMiX0FVX3lxTFBfRmhnTlV4YzJqakx5QktnVHZpYVRld2s2VXVZMWotakIxemJIQjg3UzJrR05PbEtJZmdEdGlfcTItalNQWXEyVjRxaE0wdTdMdTJ0cnVQVXltRGRaNmow?oc=5,Google News RSS; quarterly backfill,,NEWS_GOLD_SENTIMENT,google_news_rss,sentiment_score,-1.0
gold_news_sentiment,2026-06-25,2026-06-25,Daily: Why gold could stage a rebound - UBS,https://news.google.com/rss/articles/CBMivwFBVV95cUxNZ1dydGdMc2hmZDRBUE95NnBJd3pJWmx2SW1Udk5UYk5HOFppUUhIVnhHbzRBOTczLTczWXZoMHlUVFJMTVZvV0U5ckY5SGlkYzlnUWkyUmxMQ1kydWk2T2t5RldkX1JrVVVQR3UyQllEOEFoa3c,Google News RSS; quarterly backfill,,NEWS_GOLD_SENTIMENT,google_news_rss,sentiment_score,0.0
gold_news_sentiment,2026-06-25,2026-06-25,Gold Pullback Forces Analysts to Reassess Price Outlook - Yahoo Finance,https://news.google.com/rss/articles/CBMirAFBVV95cUxQNDlRNDE4TzBrWERHYU8wQW5nSnRKcjE1eWRRbGtnRlEyWHNuVEpDVEN2TUFBaEZMZjR6enF6TzBRdEN2Q3VIQVJsUHpjcGRzdGJiNEM4VHpWWXdjenJBTnJUZkxSaVN4anlfN1RrcXNBX1dSWm9,Google News RSS; quarterly backfill,,NEWS_GOLD_SENTIMENT,google_news_rss,sentiment_score,0.0
gold_news_sentiment,2026-06-25,2026-06-25,"Gold hovers around $4,000, silver holds below $60 — has the shimmer worn off the precious metal rally? - CNBC",https://news.google.com/rss/articles/CBMiigFBVV95cUxPY0ZsN0JtalpwaXZ3WjlYWHdSLXhMQ1JZeUVDQ0Z0bzhzYkNUQkFGM19YMFF5NGJNcG1GZ05NWnFsWmc1a0xVTTBYMFhLOTg1d2h1eDNNSGtKX3ZsZ1JQYzlDbk82RHY3ejJoZWFsVTNGYWxyZlZ,Google News RSS; quarterly backfill,,NEWS_GOLD_SENTIMENT,google_news_rss,sentiment_score,1.0
gold_news_sentiment,2026-06-25,2026-06-25,"Gold Steadies Near $4,000 as Stronger Dollar, Rate Outlook Weigh - Bloomberg.com",https://news.google.com/rss/articles/CBMiswFBVV95cUxPbXdiZ3MxUE5GR0JKNEtiYnk4ajVkWlk0N0RvUWZCeDlIbkhqTmJ3SG9HN2RiNlg4WjRHN3R5REV1RkpMdUpwSldNNkVFTnAwOFZWYW02Q1ZTd2ZPU0ZpNDRwRWxmMll1TnJVeTA2cW9od3pXVWx,Google News RSS; quarterly backfill,,NEWS_GOLD_SENTIMENT,google_news_rss,sentiment_score,0.0
gold_news_sentiment,2026-06-25,2026-06-25,Infographic: Domestic gold prices fall sharply in line with global decline on June 25 - Nhan Dan Online,https://news.google.com/rss/articles/CBMivwFBVV95cUxOSktRb194SkpvdkVReW5WUU1mdE1LWEJxQXhEcWdGN3pVdklQV3VXOTV2aUJEbUdXLVotejRWYk85SFBhQUZ4bkM4M05HYXY1djhqM210ZzdKM1NFT0g3ckg3VFQtT2t1WVlrR3V2M0hOT2xLVEl,Google News RSS; quarterly backfill,,NEWS_GOLD_SENTIMENT,google_news_rss,sentiment_score,-2.0
gold_news_sentiment,2026-06-25,2026-06-25,"Gold prices today, June 26, 2026: SJC gold price, 9999 gold ring price, and world gold price on Thursday. - baonghean.vn",https://news.google.com/rss/articles/CBMitwFBVV95cUxQaUdVUWtGUE93cEVEcFk0cnhYVUtWSElkd2dDam9VLU92ejJzT2hyRjFyLTJscW5YQTZPZExqd01TazlfcmozXy1xR0w5ampKa2ZYemxfcklUZXVJR1dVMVpIakdfSnlEQ3YtakY0cVpicFR4X09,Google News RSS; quarterly backfill,,NEWS_GOLD_SENTIMENT,google_news_rss,sentiment_score,0.0
gold_news_sentiment,2026-06-26,2026-06-26,Wall Street is abandoning its most bullish gold calls after a sharp sell-off - Business Insider,https://news.google.com/rss/articles/CBMiogFBVV95cUxOU3FqeGVzZkFhbEEwS1A3Wml5Yjk0blNMV3BJVmhocHRMOUFNR2FZNC1EWW5uYVZlQjVQRmZGQURLZGV1RzRHcHlxUWh4b29ZSVJQWE12b0FOV3diTWo1WldFMlNVTlBJNWVKNk1OdmE0RjNnRVJ,Google News RSS; quarterly backfill,,NEWS_GOLD_SENTIMENT,google_news_rss,sentiment_score,1.0
gold_news_sentiment,2026-06-26,2026-06-26,"Gold looks broken, but the only thing that has changed is the price - KITCO",https://news.google.com/rss/articles/CBMilwFBVV95cUxNam9UZmJsaHR3LXpHb0Z5ak9nQlo3dW5xbXBlMkV6RnRRV2l4eHUteFlYNlV1bERUQURrNVhCbWFQS1dPT0MwWERoY2hDd1RfTXN4b1JYS2xSU0pSYzdjcHYzeGhQZkxva004SHREZ2ZWazdyRzF,Google News RSS; quarterly backfill,,NEWS_GOLD_SENTIMENT,google_news_rss,sentiment_score,0.0
gold_news_sentiment,2026-06-27,2026-06-27,Infographic: SJC-branded gold bar and ring prices post sharp gains - Nhan Dan Online,https://news.google.com/rss/articles/CBMipgFBVV95cUxPWExTSmNOaWlzczZuNUFJRjNXZV9SSWFmSmk0ZjVkTVRpLWRWRWZiRXB0MThNMjlMMjVSYmNsNThqV1hvcjkydkRwRUphQlJORThvZ1JEUjM1QmxvNmdFM1dOLWZrLVhUZnBMamVraDJpY0FGWkF,Google News RSS; quarterly backfill,,NEWS_GOLD_SENTIMENT,google_news_rss,sentiment_score,1.0
gold_news_sentiment,2026-06-28,2026-06-28,Gold prices dip - VnExpress International,https://news.google.com/rss/articles/CBMif0FVX3lxTFBYZGFRRWJBLW9CVURteEdpeFpSYVQ2T2xOV3NqQUlKZTZHQVFYQjJncmNXN25LMGFoOExiaDFDS0RyZDhlenVaeXlja0hNd1hOazZYZ2oxYWZQams4U1Z0NlNheU9hUVBPVEFuM1NWZVA5RjRmVUt,Google News RSS; quarterly backfill,,NEWS_GOLD_SENTIMENT,google_news_rss,sentiment_score,0.0
gold_news_sentiment,2026-06-28,2026-06-28,"Giá vàng hôm nay (chiều 28-6): Giao dịch quanh ngưỡng 148,5 triệu đồng/lượng - Vietnam.vn",https://news.google.com/rss/articles/CBMioAFBVV95cUxQUzJfaXV2OV9wTVlzbW5kZzZLZU9EbGdYcU9fc2hSUHBMQzB1bG5mNkhpV2Rzd0tqRGpGYVp2WXpFV0tncHNDVk9LSWhQX20tTnRSeGpoaUsyVzVsTnVER3pBb3lBMFVacmxrbE1UN2Y0NDI3Sk5,Google News RSS; quarterly backfill,,NEWS_GOLD_SENTIMENT,google_news_rss,sentiment_score,0.0
gold_news_sentiment,2026-06-29,2026-06-29,Gold outlook: XAU/USD likely to remain on the defensive - FOREX.com,https://news.google.com/rss/articles/CBMiowFBVV95cUxQWGdKNHI2bTBrZ1puMnZwOWpiU0pCUElfc2QzTzNJMjRaYm9MN0F5bXVha3lTRUxrX21ybjZMcTZsOWtibHcyb19mNFVURGRTZlRYaVhJdnphVktXSzRxRmo3b0w3cFNSN09CaUxDNm1ZcjlFQ0d,Google News RSS; quarterly backfill,,NEWS_GOLD_SENTIMENT,google_news_rss,sentiment_score,0.0
gold_news_sentiment,2026-06-29,2026-06-29,Infographic: Gold prices see decline on June 29 - Nhan Dan Online,https://news.google.com/rss/articles/CBMijAFBVV95cUxOUUpzWWVTclVuSTFTX2llS29NNWhUSnU3TXhMblhxWVU2Y29PNnJQdUxCT2VFMmVERlQyTGJqa3lYOThFR0VuNS1uaDg3Wkl4clVIVjktU0h5akwtWTdlWWJDRmtqTzdiWEdsM21odGF2TmRIbzc,Google News RSS; quarterly backfill,,NEWS_GOLD_SENTIMENT,google_news_rss,sentiment_score,-1.0
gold_news_sentiment,2026-06-30,2026-06-30,"Gold price outlook: Could prices hit $6,000 in 2026? - Yahoo Finance",https://news.google.com/rss/articles/CBMiwgFBVV95cUxOdnhFb2JvTjVvc0Qya0ZBMExkRkpScjBMV0htN193cjNpV2M5WTg2ZlpUVFdXQWtKc2JsajRLQk9GTTNqQXBZdm1hLTJOZkVabERGUHJFT2kwNE44dkNUWl9FbVhBZGJXbktpdTFZa25fbDFZclN,Google News RSS; quarterly backfill,,NEWS_GOLD_SENTIMENT,google_news_rss,sentiment_score,0.0
gold_news_sentiment,2026-06-30,2026-06-30,"SJC gold price today, June 30, 2026: Price of gold bars and plain rings from BTMC DOJI Phu Quy at the end of the month. - baonghean.vn",https://news.google.com/rss/articles/CBMivwFBVV95cUxPblhyYzEtWE5kSVhQR294aXZCcEFOTFB6T1dYeUNqUk9zUVZzMWk4dFA3aUNiVzExM3RxeUJnNXJ1SHpVMUVYSzg2eE9aWmIza19Hak1xWU9NdjhFVDVWSTRlNXlNY1ROODktRW9xczVDd3Y4Vk5,Google News RSS; quarterly backfill,,NEWS_GOLD_SENTIMENT,google_news_rss,sentiment_score,0.0
gold_news_sentiment,2026-06-30,2026-06-30,"Gold prices today, July 1, 2026: Prices for gold bars and plain rings from BTMC DOJI Phu Quy. - baonghean.vn",https://news.google.com/rss/articles/CBMiqgFBVV95cUxNc1V5VE0wQ2o1MmlJODZfUzVoaGhueEhBTV9DSFRXQWFqb1VDSUhHMVd1aUFJVHhIWldfNl85QWJyVzhuVHdsQTN4VHFxVlJJTFZCdWxNazhZWU94OExwQk51QU1CbGp1c2FzbzFndVZMcTdSUXF,Google News RSS; quarterly backfill,,NEWS_GOLD_SENTIMENT,google_news_rss,sentiment_score,0.0
gold_news_sentiment,2026-07-01,2026-07-01,Gold Mid-Year Outlook 2026: Point break - World Gold Council,https://news.google.com/rss/articles/CBMickFVX3lxTE1RUWRQQ3BDNUs2ZWVqTjd5MWJrMHBSSGxTOGNtTG1iRm5XTUxuM3V3clJNMzdEUjRjcmdfM3pnQlN5dk9RUlNnZnpxOFR3b1FRRDNRTTF2MThvcXdJTmhCMW92UUdnSEVnS3lhOTVxY1g2UQ?oc=5,Google News RSS; quarterly backfill,,NEWS_GOLD_SENTIMENT,google_news_rss,sentiment_score,0.0
gold_news_sentiment,2026-07-01,2026-07-01,"Gold gains over 2% after soft jobs data, Fed Chair Warsh's comments - CNBC",https://news.google.com/rss/articles/CBMipAFBVV95cUxQOWtqZFY5cThkakJHcEZ0TmstcFE1bVdmS1A0U244ckFEWVRYMFJRa05jRUwtVnhNeEZzczFmZ1M5dU1teVc2am1LQUhPYWUtWGV4eGFsS0YwZUExM0pkb25MUUxrdl9Vd2otVmhhVDZxR2hNV0g,Google News RSS; quarterly backfill,,NEWS_GOLD_SENTIMENT,google_news_rss,sentiment_score,1.0
gold_news_sentiment,2026-07-01,2026-07-01,Infographic: Gold prices fall for third consecutive day - Nhan Dan Online,https://news.google.com/rss/articles/CBMilwFBVV95cUxOSTZvUWhyRF9JbTNzbGw1UHhlaEJ4cEZYMHRSX2hBWDhSODZOeEVCX3c5WHl3aFl4SFU0YUZ0U29teGtLbjVNd3JxaW81OXpfUGRGWm02cWJ2Y0NfakliRnlfSXpRaEdYV0xUTFpfRDd3ZG1CVVQ,Google News RSS; quarterly backfill,,NEWS_GOLD_SENTIMENT,google_news_rss,sentiment_score,-1.0
gold_news_sentiment,2026-07-02,2026-07-02,Infographic: Domestic and global gold prices surge on July 2 - Nhan Dan Online,https://news.google.com/rss/articles/CBMingFBVV95cUxQbGtmWGlybE9Vb3d2QlJvUkRTWXNQV2hFYnpMenBsWU4xcjZYT3JsM2ZIUVNzczJIbG4xMkxncUFSNDVkcDJJOUxyU1pUR0xyUVdZZFdvMUpkcTdwQ3BQSlpzR2hlZlVRZDdNMVBZaWIyb1dxQTc,Google News RSS; quarterly backfill,,NEWS_GOLD_SENTIMENT,google_news_rss,sentiment_score,1.0
gold_news_sentiment,2026-07-02,2026-07-02,Giá Vàng Hôm Nay 9999 Trưa 30/1/2026 | GIÁ VÀNG MỚI NHẤT || Xem Bảng Giá Vàng SJC 9999 24K 18K 10K Steve Martin (JFqpcqZ4DW) - Mshale,https://news.google.com/rss/articles/CBMiYEFVX3lxTFA5VVhKUTFEc29BTEs2ZmNjLVh2RXlYSTJWa25BajNGUWdZajJ6OXZ5VU5hZEdkbWQ4akJ2cUphYVZ3SDJUT2taek5GZWJCLWhiaERZRlJseDB5SllUYlFhcg?oc=5,Google News RSS; quarterly backfill,,NEWS_GOLD_SENTIMENT,google_news_rss,sentiment_score,0.0
gold_news_sentiment,2026-07-03,2026-07-03,"JPMorgan sees $4,500 gold price in fourth quarter, says risks to downside - Reuters",https://news.google.com/rss/articles/CBMiwwFBVV95cUxOR1FOcHg1SUdkOExTLWpxN0pyeFppZU5ZdXB4N080LWcwN0ZTNTRjclZ2Y3pqWFlicUZaX05iY2w0MGtMVVdPRE1YTEllV3ZmYUQzSHE3WktzVmhpSUh1bkRzSkxDSXEyMkwwLVhSTktZekhiLUd,Google News RSS; quarterly backfill,,NEWS_GOLD_SENTIMENT,google_news_rss,sentiment_score,-1.0
gold_news_sentiment,2026-07-03,2026-07-03,Gold prices set for first weekly rise in a month as investors scale back Fed rate hike bets - CNBC,https://news.google.com/rss/articles/CBMihAFBVV95cUxNbWVmbHRNYi1WMk5Yb2pzT2h5RmVuWmVhMHg2SXRQVGxiem9zQ1owQzBCZjZLYkJQRnRmYWdsM3ZmNzlmX2RnVWlCblRKZUIyeGdGRlctaldzN25FRllsQjJxazduSVpaQ010czM2VWtGZFktaFR,Google News RSS; quarterly backfill,,NEWS_GOLD_SENTIMENT,google_news_rss,sentiment_score,1.0
gold_news_sentiment,2026-07-03,2026-07-03,Gold Market Outlook: Spot gold prices continue to extend gains following the non-farm payrolls data release - Moomoo,https://news.google.com/rss/articles/CBMipgFBVV95cUxQVGVoa0VsbXJQRExEVUxyTndtVlo0b0p3aG1PUVZVU1R2OS0xMDdSbGpvaXFHeEdWTnV5dDI2Y1hKVWFEWENTanh6QkhhR2ZWRGZfRnc5WlFUZS1FVEU3MmZ6cUVpcDMtN2dMbUxiSFppcUhHUlN,Google News RSS; quarterly backfill,,NEWS_GOLD_SENTIMENT,google_news_rss,sentiment_score,1.0
gold_news_sentiment,2026-07-03,2026-07-03,Gold Price Outlook: J.P. Morgan Predicts Recovery by 2026 - GuruFocus,https://news.google.com/rss/articles/CBMimAFBVV95cUxQOHY2cGpqRkNNU1kxLW5WaU0wXzJZMGJlZnVkR1dXUGI3dTNqUnRQUnJJUU5TYXZ3dDdrTlVNcnhPTm1TNm14MUFQS2h4blFFS3gxOUhFSy1FRVk5NDVKRlUzcmNOS2FYODNTZ1A3SzBuemZ2bE1,Google News RSS; quarterly backfill,,NEWS_GOLD_SENTIMENT,google_news_rss,sentiment_score,1.0
gold_news_sentiment,2026-07-03,2026-07-03,"Gold Prices Surge Dramatically; WisdomTree and WGC Experts Forecast New Peak Above $5,000/Ounce - finance.biggo.com",https://news.google.com/rss/articles/CBMidkFVX3lxTFBtYWhoQlN0aWExMzRmNlVaV25CX2d6T3c0ZHhXdW9HbklMUzRqRDVwS1RfbDJPSEdWQklUVlhmVFpjVWhucFh0RWxPdzc3TkNzckNrb2RxY2kyWktOUmNEX1NST2wyLTROcnk5Ul9qSFVpWE1IcUE,Google News RSS; quarterly backfill,,NEWS_GOLD_SENTIMENT,google_news_rss,sentiment_score,1.0
gold_news_sentiment,2026-07-03,2026-07-03,"👉 Trực Tiếp Giá Vàng Hôm Nay 30-05-2026: Giá Vàng SJC, Vàng Nhẫn 9999, PNJ, DOJI, Giá Vàng Thế Giới Liberty Vs Portland Fire (d0TH1BuX81) - Mshale",https://news.google.com/rss/articles/CBMiYEFVX3lxTFBsQldDTTlNUk4zTUxGV1VycXVSQnduc181cndjX0Uyd3U5S0RQMHJXWUFDc2FqaEJaX3dick9FTG5HWGFQaGcyeDA5MS00QnJocTB1SDR3UmpWcnVIMEdUNQ?oc=5,Google News RSS; quarterly backfill,,NEWS_GOLD_SENTIMENT,google_news_rss,sentiment_score,0.0
gold_news_sentiment,2026-07-04,2026-07-04,JPMorgan Reduces Its Gold Price Target for Q4 by 25% - Yahoo Finance,https://news.google.com/rss/articles/CBMipwFBVV95cUxPdVNxeWFta0pzX3NTYjRwMXRtWEhmWVotelFaWnJHOG5LOXAwczd5MDAzTVZ2ZmNjLUJ4bUJEczhFZXlpaDRMc2RMMFNvNTZKbXRWd3Bqb19ZM2JGVVRMbFFXQ1p6dG1mTW9IdUdQOVdQTkp5OGQ,Google News RSS; quarterly backfill,,NEWS_GOLD_SENTIMENT,google_news_rss,sentiment_score,0.0
gold_news_sentiment,2026-07-04,2026-07-04,Infographic: Domestic gold prices remain unchanged on July 4 - Nhan Dan Online,https://news.google.com/rss/articles/CBMingFBVV95cUxPd3BBOVVlY043SXBKanVjVldTbmFySnhIOU9XREhfTWIwaFc3ZWRtbF9xMXctTGQ4TmZzOTRhQ3FsSk5kaHpPbDVSdjRLMGtLZmVIWVJUY3hGOERndk1HTEV3QVZIajg0QVVJUjJ5Mk1rdkhHRUR,Google News RSS; quarterly backfill,,NEWS_GOLD_SENTIMENT,google_news_rss,sentiment_score,0.0
gold_news_sentiment,2026-07-04,2026-07-04,"Gold prices today, July 5, 2026: SJC gold price, 9999 gold ring price, and world gold price on Sunday. - baonghean.vn",https://news.google.com/rss/articles/CBMitwFBVV95cUxPQ1hMNFRfM2dSaUlhRzNYcEM5VUk5TUJsUWdJWG1FWXY0MEh5c3FzRi1maER5NTVaWTJUWDBvZXFXTVZZSTdudFpqTmxsTzFMdC1LSWVxdFRCRUN1NF82NU84d0x4bmRDWlJsVGlzS1FVZkhSNld,Google News RSS; quarterly backfill,,NEWS_GOLD_SENTIMENT,google_news_rss,sentiment_score,0.0
gold_news_sentiment,2026-07-05,2026-07-05,JPMorgan tweaks gold price target as Fed risks return - Yahoo Finance Australia,https://news.google.com/rss/articles/CBMiigFBVV95cUxNTjgwbWF1NkJmLTJHT25iRkpwckExajhETEtMLWhhMWpTeHIxazFvQVJtSHdQMTREQW5CNG01ODFoODd1YW5SSUhiVVVUbTdlZlVtbGhuVFRNNW1OM2JLTHM4cENNZ3BPWXdNN0M4VDlkeTRBZWJ,Google News RSS; quarterly backfill,,NEWS_GOLD_SENTIMENT,google_news_rss,sentiment_score,-2.0
gold_news_sentiment,2026-07-05,2026-07-05,"Mid-Year 2026 Market Outlook: Oil, Gold, And Copper - Seeking Alpha",https://news.google.com/rss/articles/CBMikwFBVV95cUxOUndwSXVMUVNzdzBDNExwWnRGZXVsN3lTcWtKTjFJUndYS19WZTJMTk0yLW5ncmhJNXdrMnFUdEJfY0RPMGVrY3JMSFV4TVNWOXdUN29oR3VkbzJvc0p3eEVhc1J0RDROS0w5OW1FcWgtNlk3a21,Google News RSS; quarterly backfill,,NEWS_GOLD_SENTIMENT,google_news_rss,sentiment_score,0.0
gold_news_sentiment,2026-07-05,2026-07-05,Gold prices gain - VnExpress International,https://news.google.com/rss/articles/CBMigAFBVV95cUxOOWVNWFlmUHZNOWRhRWdrd3k0RVFVTHNOWU5kZ1ZOdDUwT1Y3NVM5UmFQdndod0hISEI2b2h3REk3LVJQOXhPSXRRS1NMR1U0eWFseHktMTdxQU9EU1J4ZGJGRXpZN2pJd1otWFE5VmpuQkZaWEN,Google News RSS; quarterly backfill,,NEWS_GOLD_SENTIMENT,google_news_rss,sentiment_score,1.0
gold_news_sentiment,2026-07-05,2026-07-05,"Gold prices today, July 6, 2026: SJC gold price, 9999 gold ring price, and world gold price on Monday. - baonghean.vn",https://news.google.com/rss/articles/CBMitgFBVV95cUxQR05SVFl1bkpqcmNpWkVhT2xLaXJOOG93OWZLTHZvTEpSSXd2R01FV1VkVGV3VEM0NjByclc2d0hZbW1qM1lvNDlRRGVpV1JlUlhSUENzdlFIa3p1cF9sTTRKemtGcHFHUWd1ZlBQT253Y0U3V0F,Google News RSS; quarterly backfill,,NEWS_GOLD_SENTIMENT,google_news_rss,sentiment_score,0.0
gold_news_sentiment,2026-07-06,2026-07-06,"Current price of gold as of July 6, 2026 - Fortune",https://news.google.com/rss/articles/CBMibkFVX3lxTFBEVkJyR29OdW9BODZqc193OG9TaW53OU1nZEF2SjA2dHpDbmQzU0syVzFFV0JIOVlxU1Y5a210N0YzeWN0LXZVaXBMcDRWV1dZNHlpVVFTVXhRUTMweFB1LVk2RFZoZ1FkNGJfMThR?oc=5,Google News RSS; quarterly backfill,,NEWS_GOLD_SENTIMENT,google_news_rss,sentiment_score,0.0
gold_news_sentiment,2026-07-06,2026-07-06,Gold price may have found its floor as liquidation gives way to consolidation – Saxo Bank - KITCO,https://news.google.com/rss/articles/CBMiuAFBVV95cUxOekpab2JKV0xuTktzeVB4MnJFdFhYaXJSRDV3RnJZb1dQVGczcU42U1RqY200T2RXYjQtX0M3cDdNS0dQMGVmaHZWMDE1UzJGRG9QT3NmV0x2eGtFQ3FERzZtZkZlODRwUVFWYkxka1dTLXA2Zks,Google News RSS; quarterly backfill,,NEWS_GOLD_SENTIMENT,google_news_rss,sentiment_score,0.0
gold_news_sentiment,2026-07-06,2026-07-06,"Gold price forecast cut 25 percent to $4,500 for Q4 2026 as market turns more cautious on near-term outlook - Economy Middle East",https://news.google.com/rss/articles/CBMi0gFBVV95cUxNUVB1TnFlSjQ0dGJMRU5qYS1nWXg5RjhsYUVXelF4dEVWZHJuc0hMU3k4ZF9LQWs0bU05dUdtOUVjOHRyTEpRaFF5Uzd1UVlKb0xCWnZvZEt1R3hpVUlkYjRzYTFxTUtnSVdtNUJXRUxVOUlQZXR,Google News RSS; quarterly backfill,,NEWS_GOLD_SENTIMENT,google_news_rss,sentiment_score,0.0
gold_news_sentiment,2026-07-06,2026-07-06,Gold Market Outlook: Spot Gold Continues to Rally After Nonfarm Payroll Data - Bitget,https://news.google.com/rss/articles/CBMiakFVX3lxTE5HTFZ4Z0lGNzVSbE1rb3k4cDM4R253VjJDT1AyVV9ueXludjRYTmxmZHJIeXFrNTRJVFptcGswNXZ6OHg4dUZxaHFQWHltYVRqTzRIMjRRM2FCSXRqTUx6T1BocEItLXR0cWfSAWpBVV95cUxOR0x,Google News RSS; quarterly backfill,,NEWS_GOLD_SENTIMENT,google_news_rss,sentiment_score,1.0
gold_news_sentiment,2026-07-06,2026-07-06,"Stocks, gold remain popular in H2 despite high rates: experts - vietnamnews.vn",https://news.google.com/rss/articles/CBMipgFBVV95cUxOcDJucHdtU3ZiR0QydzdwelRQbkt5d09JY2JtQ2RHdE9CYnFHVUNpX19KeUliRC1UR3FYSmRwc3VKRjNCdDNYaTYzQzZNaWp2Z29lbUw5NS1yU2c5eGRQNGNmSDV1dlljNFd5bHczT2RqNWxXUjB,Google News RSS; quarterly backfill,,NEWS_GOLD_SENTIMENT,google_news_rss,sentiment_score,0.0
gold_news_sentiment,2026-07-06,2026-07-06,Infographic: Gold prices on July 6 stable at 151.4 million VND/tael after a week of strong gains - Nhan Dan Online,https://news.google.com/rss/articles/CBMiywFBVV95cUxPbGx3ZmhqT0NONVllUS0zNTRxcGZFY3ZjZzZFY0t3dTV5Nmg0bDFxRVZMdjctbFlCWXVlTDhMX2I5a2ZBNTdkTWsyQXQzUlVhNi11UlQwOEVNNEhHNmNnZDBwX0V0T1k2T2tHWmw0Unc1TUthdXg,Google News RSS; quarterly backfill,,NEWS_GOLD_SENTIMENT,google_news_rss,sentiment_score,1.0
gold_news_sentiment,2026-07-06,2026-07-06,Gold prices drop - VnExpress International,https://news.google.com/rss/articles/CBMigAFBVV95cUxNYVZ4NlRveDBkMk5icVZ2eGs5Q2Nzc2NoUXdiRVVTV2JHSUV4NzNRWl84MmlyQkdJWWZJZGNMVzg4b05VTjEwdF82RE1rRkZ4Yk02YmpIWm5sX19Qc2dMR3ppQ3BUR3RPTTctWUdYUFBYNUF5QkN,Google News RSS; quarterly backfill,,NEWS_GOLD_SENTIMENT,google_news_rss,sentiment_score,-1.0
gold_news_sentiment,2026-07-06,2026-07-06,Gold price update closing session July 6th: Domestic gold reverses and falls - Laodong.vn,https://news.google.com/rss/articles/CBMiuAFBVV95cUxOX01Ja1RjclBLTWJOQ2hBZkkyZW40UTR4N18wU3FoQkk0Y1p2NExIT1lxWkc5R1UtNVBvRmJscUdJOW5vRmt1bHo0NWN0TUxwWWJKR05UWUJqOUhHWHBYUWprWXE3N3BNbkswUU1QQnpoMzBVQWl,Google News RSS; quarterly backfill,,NEWS_GOLD_SENTIMENT,google_news_rss,sentiment_score,-1.0
gold_news_sentiment,2026-07-06,2026-07-06,"What is the forecast for gold prices today, July 6, 2026: will they increase or decrease? - Vietnam.vn",https://news.google.com/rss/articles/CBMifEFVX3lxTE5zM2JuOENuQzVyZTJqU1NrVjhRNkxCcmFTNDE2d3N2SXBTUWFEcTkyMGdyaVgzTmNYbnNmdnlRQkktVG43LW5McUd6enowbl9pOHpwVm9ZTG9PWlhXUXVnQWZLQm45N254dTctc2xQTmtwUW9lNGE,Google News RSS; quarterly backfill,,NEWS_GOLD_SENTIMENT,google_news_rss,sentiment_score,0.0
gold_news_sentiment,2026-07-06,2026-07-06,"Trực Tiếp Giá Vàng Hôm Nay Ngày 28/05/2026 - Thật Khủng Khiếp Giá Vàng 9999, Giá Vàng Thế Giới, PNJ Benvenuti Al Nord (uynC1QfWZX) - Mshale",https://news.google.com/rss/articles/CBMiW0FVX3lxTE9oMGN3a05LenBlRkRJV01DRmRTRjNSdUVMbWl2NHlKeVczNVZveUxZT21acmJibEs1c3Z1cGptY0FkbUtmZkYtb1pYeFFnRzgxR2djX3lvSHNFSzg?oc=5,Google News RSS; quarterly backfill,,NEWS_GOLD_SENTIMENT,google_news_rss,sentiment_score,0.0
gold_news_sentiment,2026-07-07,2026-07-07,Gold Price Today | Price of Gold Per Ounce | Gold Spot Price Charts - SD Bullion,https://news.google.com/rss/articles/CBMiR0FVX3lxTE9OR1k0Z0pNeUVrS1dnSFQ0WW1UVEd6UHZyRjVBS3NxWExqMV8zd0M3Y3JtRnNrOHJNRXM0Zm90MmRfU0xNOVZZ?oc=5,Google News RSS; quarterly backfill,,NEWS_GOLD_SENTIMENT,google_news_rss,sentiment_score,0.0
gold_news_sentiment,2026-07-07,2026-07-07,"Current price of gold as of July 7, 2026 - Fortune",https://news.google.com/rss/articles/CBMibkFVX3lxTE5hck81d1BlWnMwV2tUMTVSUkFmTzhtM29FTzFCRWE0VlhtVGtsNEZqdmZvT1NwZWlKZTlsZERyc19YM3RYZk53WjBPbkI3aTV3Ykc5dXNQM294bV9naWNqdUlEYmotQ1B1aERaMEJR?oc=5,Google News RSS; quarterly backfill,,NEWS_GOLD_SENTIMENT,google_news_rss,sentiment_score,0.0
gold_news_sentiment,2026-07-07,2026-07-07,"Gold Price Forecast: Why the Next Major Move Could Target $7,000+ - FXEmpire",https://news.google.com/rss/articles/CBMisgFBVV95cUxOYkQ0aFd6ZU1LTkg2RWtzSkpkcmJSd3FnZlY5NHN3S0ZLR2MtcVhJZXJ3ell5OVczUXQzUjlyN3pjc2x6d2E2MjhyRkFvNFdnZXdwQnBLa1NLdUxiaTU4dk40ZkloS1FsQ2xaWXBfdW1TMXhsd08,Google News RSS; quarterly backfill,,NEWS_GOLD_SENTIMENT,google_news_rss,sentiment_score,0.0
gold_news_sentiment,2026-07-07,2026-07-07,Gold Price Short-term Outlook: XAU/USD Bulls Try to Carve Out a Low After 30% Drop - FOREX.com,https://news.google.com/rss/articles/CBMi1gFBVV95cUxQOXpvSXpjMlBCWE5jRnhDZDNKMFpnR05fUktDQ3dpRFFyMHQxNF9rYWw2UkRWbUt0cFgxbFZCNk9mSzFRVkI4b1BPRmVXVl82ckthVXB2V3lyZ0pnelBad2RTN1lMcWRBNmYtSkxmMGN2V3pKUG5,Google News RSS; quarterly backfill,,NEWS_GOLD_SENTIMENT,google_news_rss,sentiment_score,-1.0
gold_news_sentiment,2026-07-07,2026-07-07,Gold Holds Drop as US Strikes in Iran Cloud Rate-Hike Outlook - Bloomberg.com,https://news.google.com/rss/articles/CBMisgFBVV95cUxON1V0OENNTGhSN2JYTXlTZ1FsdGNSbDAyb2JyamlUSXJLWFIxenRuUTI3WTcxaEtkUHhvcThzRzFzbGZqMWZ1emRhUVk1cmwxQmFXbnpEZzRJNWxvS2RCT055akZyMDAzRkxRVnM0dXlyODQxSU5,Google News RSS; quarterly backfill,,NEWS_GOLD_SENTIMENT,google_news_rss,sentiment_score,-1.0
gold_news_sentiment,2026-07-07,2026-07-07,Gold prices decline for 2nd time Tuesday - VnExpress International,https://news.google.com/rss/articles/CBMioAFBVV95cUxNbjZjN1JKcDI4Vkk3Q1lzZUhlZ1hocHN5X3pvaHVEaXF3b0xhcUN3akxBSHk2TU9KeVhNU0F0cy1TU0tmX0lLeG0zby1GRzQ3TkFHN19XdkhXd3F3Nmd0b1c0VjQzY0c3cUdGd0txYlVzWjVqc0N,Google News RSS; quarterly backfill,,NEWS_GOLD_SENTIMENT,google_news_rss,sentiment_score,-1.0
gold_news_sentiment,2026-07-07,2026-07-07,Gold prices fall - VnExpress International,https://news.google.com/rss/articles/CBMigAFBVV95cUxOV1FMMTAxZXZHTDhybHNZXzcxazF6MWFvdko0VFZPZ1VjbnlNaEFUUTZlU2ZleWdNSWRvNmlDdUVyTGg0dVo2OEJHMFFjT0loaS1SbVg1N3dQaXFGWDlqSS1uWEpPV3gybkRES2tlRFZIX2xsd1F,Google News RSS; quarterly backfill,,NEWS_GOLD_SENTIMENT,google_news_rss,sentiment_score,-1.0
gold_news_sentiment,2026-07-07,2026-07-07,"Gold prices today, July 7, 2026: SJC gold price, 9999 gold ring price, and world gold price on Tuesday. - baonghean.vn",https://news.google.com/rss/articles/CBMitAFBVV95cUxOdkRyNUFqX2NWTi1OLTFtVXlCNzNJMjdqUHB2ZlItQWRyYkVkdU1wbG12QzhiUDRIY1BWNU82VXlMYlJZaWRucTdDalhoTVRIV0hTT0ZzeW8zTVNGZE1GSGRtaENfQWxjcmxMYmd3bXlFZndDZGV,Google News RSS; quarterly backfill,,NEWS_GOLD_SENTIMENT,google_news_rss,sentiment_score,0.0
gold_news_sentiment,2026-07-07,2026-07-07,Gold Miners: We Update Our Near-Term Price Assumptions as Gold Enters a Bear Market - Morningstar,https://news.google.com/rss/articles/CBMivgFBVV95cUxNdXNBRENQc3IwTmFrLWRWem84U2tTWDBpcWNYeW5yRTJVTFdJR2dsOEdEUDNISVFVTzMtVWFtQXV2QWRxUHNGREdhbUE0WXd1NVdmWGo3eGRLRE5wSlN1eEZuLTV3LUFDYkNFMnQwN1hHNFgwMWp,Google News RSS; quarterly backfill,,NEWS_GOLD_SENTIMENT,google_news_rss,sentiment_score,0.0
gold_news_sentiment,2026-07-08,2026-07-08,"Gold and Silver Sink as Death of US-Iran MOU Sends Oil, Rates Jumping - BullionVault",https://news.google.com/rss/articles/CBMikAFBVV95cUxPLWh1LWNfNmxhakdqcnpNUnVuRmkwRkZpYlJjaExZRzFvVU9VT2tMUG02MDdKRlhmLWlkVkxqQ05KNDk1M3FLdXFObjdGSk9VSVFCcjdWa1BsQkd5bFhLbGpQc3AySmJVQ0MxcG1LZjBvdzRuald,Google News RSS; quarterly backfill,,NEWS_GOLD_SENTIMENT,google_news_rss,sentiment_score,1.0
gold_news_sentiment,2026-07-08,2026-07-08,"Gold Price Outlook: Bulls Weigh the Odds of Another Bounce Above $4,000 - FOREX.com",https://news.google.com/rss/articles/CBMitwFBVV95cUxOaExWeGJIN2VYMi1FTXpKLW1ZTDNJd2ZoelhLWmNYc3lrTDBPemdwdzlHeGU3WlZpRGQ5d0hPMGFycDA2VTNiSF9TR2pCYXo3NjBURk45dGhmRE9xb2Zyd2FGQkp4YzIzWkM5SW15WDdSVDlscUh,Google News RSS; quarterly backfill,,NEWS_GOLD_SENTIMENT,google_news_rss,sentiment_score,0.0
gold_news_sentiment,2026-07-08,2026-07-08,"Gold had a rough Q2, but central bank demand will push prices higher through 2026 – Invesco - KITCO",https://news.google.com/rss/articles/CBMivAFBVV95cUxOY1lHV2Zia1dmak1KTF9jaFFjRzZrazBad3ZJN3ZOQzZHVnVLTENUQ25UNEhZVjBhdFdKdmFNYnc4dHdfR2FSaFhQaVdKcWwtTWhVVDFhbllzOXB4ZUlNdjhpblduYVFuS1FwdG53YXcyLXJ6VUt,Google News RSS; quarterly backfill,,NEWS_GOLD_SENTIMENT,google_news_rss,sentiment_score,1.0
gold_news_sentiment,2026-07-08,2026-07-08,"Current price of gold as of July 8, 2026 - Fortune",https://news.google.com/rss/articles/CBMibkFVX3lxTFBQTEdQSWpVSTlvdUxxLTV6UTZSekJKZ2VyYTZ6eURhaGt3UnRJdGJRTGRSUWVsQVl3ZlluTEFTSjhPSDNicktRcXdZNm15V0VFb0cxNTVUWkdSanY5ZUtxY0xTZV84LXVlSG1HVlpB?oc=5,Google News RSS; quarterly backfill,,NEWS_GOLD_SENTIMENT,google_news_rss,sentiment_score,0.0
gold_news_sentiment,2026-07-08,2026-07-08,"BofA cuts 2026 average gold forecast, sees long-term upside - Reuters",https://news.google.com/rss/articles/CBMiqwFBVV95cUxOYXhLdUtTYW15ZmlSekkyY3FCaXFmTUxNbktmSlZMMHp4eTlGTUhsQTlWMF9faWc4LWNmMExKUGhEUjVDUGV6Ry14SGVaVm94YTY0WXc1NW5jWk85UWYzR3NmSlR2TDh6SWN5eXVOeS1kcEFqemx,Google News RSS; quarterly backfill,,NEWS_GOLD_SENTIMENT,google_news_rss,sentiment_score,0.0
gold_news_sentiment,2026-07-08,2026-07-08,Gold Edges Higher as Iran Risks Offset Fed Outlook - TradingPedia,https://news.google.com/rss/articles/CBMilgFBVV95cUxOQWJYY0NSMV9QOGdnZHJJdDR5RnpHSGpnMmIzaG1ZTEp4aFRSUGhWYXVCYUtCbnBDUTdVbWJQTE45bmdkdGw2RTNiLVo1ODR6aG1VNEZwV3BqcEMyVWg4ZVZFYXpRMGF0Vm1wekVPWDQ1ai0ycnR,Google News RSS; quarterly backfill,,NEWS_GOLD_SENTIMENT,google_news_rss,sentiment_score,0.0
gold_news_sentiment,2026-07-08,2026-07-08,Is gold about to reverse? The outlook for Australian gold stocks explained - Ticker News,https://news.google.com/rss/articles/CBMinAFBVV95cUxOcTRuY0J6OXpCUkFBV1ktb20wcHhmT01Tb2dSSzZUYUtzUzdmWnFwTEV2UVZFc2Q2RkxKdTlOQlJYYWZnUEs1a1V5bUZnelV2NVg1MS1IRnM5LUxGVGR3b1ZrcTNQWTFhMmRwZzhEQWhBQ0Y0Y1A,Google News RSS; quarterly backfill,,NEWS_GOLD_SENTIMENT,google_news_rss,sentiment_score,0.0
gold_news_sentiment,2026-07-08,2026-07-08,Gold Analysis: XAU/USD falls despite renewed Middle East tensions - FOREX.com,https://news.google.com/rss/articles/CBMirwFBVV95cUxPSkRBcEl1R0trTUg4emc5Z1lyMjg3aGtCRTUyYk44b3p0NDhCYkl4ZlNLWmdpdUotazlIakF6c3poNXNmckFVYkhvOWhkRHV4eTB3eDFCUmlZbW9uRGgyY2FfSUVEd0dpaXVqTExhaTlhNy1aX09,Google News RSS; quarterly backfill,,NEWS_GOLD_SENTIMENT,google_news_rss,sentiment_score,-1.0
gold_news_sentiment,2026-07-08,2026-07-08,Gold prices continue to slide - VnExpress International,https://news.google.com/rss/articles/CBMikgFBVV95cUxPRkpiYXczREhZMjVSbmhqdk14LTAwU2lDd1pNUWtmRm55MGJMZ1FqTXlCYnlqRnVIRWtBSWFhYkV4di1tRUJBN1d0dWZwTVFwM05UQjBRdGc5dHdsbGo0UktQamJrcDFsR0ZyanB5dXFwVnJtTXF,Google News RSS; quarterly backfill,,NEWS_GOLD_SENTIMENT,google_news_rss,sentiment_score,-1.0
gold_news_sentiment,2026-07-08,2026-07-08,Gold prices slip - VnExpress International,https://news.google.com/rss/articles/CBMigAFBVV95cUxQQk04dDhNSGFiQms2dVNQN1pjcDQxdGZRQWl1OTFwNnh5SU9xZjNnT05HWFFjbmh4bERBMzBZbTFzS2htUlRxZHYwc0ZmcEpMcXRCcksyR1VZVUNEbDEyN3Z5ZjZyNjA1ZTl0SWRkZ1d0WDYtVm1,Google News RSS; quarterly backfill,,NEWS_GOLD_SENTIMENT,google_news_rss,sentiment_score,0.0
gold_news_sentiment,2026-07-08,2026-07-08,"Gold prices today, July 8, 2026: Prices of SJC 9999 gold bars and plain rings, and world gold prices mid-week. - baonghean.vn",https://news.google.com/rss/articles/CBMixwFBVV95cUxOUk5MR25OWGs3bEMxVS1iV09QLURTSmdEamVKVmdBMEphLTdwLXBOU1VTQmlkRmYzb3NsZnFDaldlUHNaYlFxS1VGMVJsZXBCRFRQV3l0NThRcWZwaV9RMHZOMGJadUdIRy1pX053STRaeXlVZll,Google News RSS; quarterly backfill,,NEWS_GOLD_SENTIMENT,google_news_rss,sentiment_score,0.0
gold_news_sentiment,2026-07-08,2026-07-08,"Gold prices today, Wednesday, July 8, 2026: Gold prices falling following U.S.-Iran airstrikes - Yahoo Finance",https://news.google.com/rss/articles/CBMi9wFBVV95cUxPZHVvdnZFT0FsRm0zSXdVZk0xVzMwd3BsTWhrSnFDdERNbWpIQ2owR1ZQS19LVmprZmRKNU1GNmUwdGV6VDBiM3piUElyWEpOaFJBNXJhc2U1TExJUXlPaVZzVEp1QkRrbDlodmliZnA3cC1HWGZ,Google News RSS; quarterly backfill,,NEWS_GOLD_SENTIMENT,google_news_rss,sentiment_score,-1.0
gold_news_sentiment,2026-07-09,2026-07-09,Gold's price is down by more than 25%. Here's what investors should do next. - CBS News,https://news.google.com/rss/articles/CBMikAFBVV95cUxQVjB4ZFFFVWRDTjkyTGZyQXZqN1BpOWF4SWluZlhlQUtydmNRQnV1SnUtMlFjcmpzWFpBVWhmZDZsVndhX3c3Nk9XR0kwSzE0U0dua29sdmI1aEJ1alVDZ3hISUJrbXR6cnVKdVJsWEZnQmIxLUt,Google News RSS; quarterly backfill,,NEWS_GOLD_SENTIMENT,google_news_rss,sentiment_score,0.0
gold_news_sentiment,2026-07-09,2026-07-09,"Current price of gold as of July 9, 2026 - Fortune",https://news.google.com/rss/articles/CBMibkFVX3lxTE1nSnJzRk44cTM4OGRRcllCRnpCUHZMZE5LSkNweVd4WWtPcmUwUWRIaDI0bnNycTg1WVNsOU9ydktBekRGRXhkTlg5WC1Ea0JmRlhSWERodmgtTjdrWG1mU1JtOVd0cG9wS21LX1p3?oc=5,Google News RSS; quarterly backfill,,NEWS_GOLD_SENTIMENT,google_news_rss,sentiment_score,0.0
gold_news_sentiment,2026-07-09,2026-07-09,HSBC lowers 2026-27 gold price forecasts on hawkish Fed tilt - Reuters,https://news.google.com/rss/articles/CBMipAFBVV95cUxPR1NaVW53Y2VDWm9UVlF0bEZxZGstdkRyVm9NX1BJQzV0d1ZlcTdsQW1hZS1GRkZrNmE0STJiSV93M1ZCaUgxNlhvODRSVk9pR1pzRjdHS1pGWVlXcDdVUHZXQ0l4b253LTBMaUJfbzJNNEs2TEx,Google News RSS; quarterly backfill,,NEWS_GOLD_SENTIMENT,google_news_rss,sentiment_score,-1.0
gold_news_sentiment,2026-07-09,2026-07-09,Gold price pushes to session highs as U.S. existing home sales drop 2.4% - KITCO,https://news.google.com/rss/articles/CBMirAFBVV95cUxQWi1KNHRpcTFkTndNSm9pN0F5OFhJRlBxdUFkNVBDbnB3NzhFUlBVS1VhS1Jwbk5ybEhQSmcxSm92OEtyYnBQTDc2UXpVS2o2ektJeWgyNEZtemZnTm85ZmRTUzdLTVFIYmMzdXZaa0FSbkpiV1F,Google News RSS; quarterly backfill,,NEWS_GOLD_SENTIMENT,google_news_rss,sentiment_score,-1.0
gold_news_sentiment,2026-07-09,2026-07-09,Gold dip creates higher investment opportunity: Phu Nhuan Jewelry - CNBC,https://news.google.com/rss/articles/CBMiaEFVX3lxTFBYOGRycjZNdFh0Y0I2UkRxRjhLZUpOa3dJNWVlM2d0aVlSRW9WNlRCQWtxYk9YQlQyRUt4QnY1QjUyY0pxcVVsOGliTGdEUDRQeVlsT2dkSzhNSTU5T244clBaak1GbkpP?oc=5,Google News RSS; quarterly backfill,,NEWS_GOLD_SENTIMENT,google_news_rss,sentiment_score,1.0
gold_news_sentiment,2026-07-09,2026-07-09,"Bernstein sees higher gold prices in H2’26, sets new price target - Investing.com",https://news.google.com/rss/articles/CBMiuwFBVV95cUxQT1BTWXBzT01SMW5pSk1PdVFhYzNfSmNtS0xzN2dzYXVWY0pHR1J0LU5qSi00N055TVYwdjNEemRTSllibEZtN2VyQ3U2MzloX3N2d20yOXdnVWRReXpmQm4zVG9WQkFaN3ZnWEZENWU5d0tYdDl,Google News RSS; quarterly backfill,,NEWS_GOLD_SENTIMENT,google_news_rss,sentiment_score,1.0
gold_news_sentiment,2026-07-09,2026-07-09,Gold drifts lower after Trump says deal with Iran is 'over' - Reuters,https://news.google.com/rss/articles/CBMisgFBVV95cUxPS1hzdnRhSUFjNm5yb3RRTUlITEtOd1NMOFJJNlc0VVczR0s1S295WjY5b0YyaEhIMjZxZWEtdk5WUjlPcC05dUtFaThpNGo3QVl4REZiMzIxZ252bHE4a2VRRjFUYXlfR3Myb0Y3aUlSVnplSEp,Google News RSS; quarterly backfill,,NEWS_GOLD_SENTIMENT,google_news_rss,sentiment_score,-1.0
gold_news_sentiment,2026-07-09,2026-07-09,HSBC cuts gold price forecasts amid hawkish Fed and stronger dollar - The San Joaquin Valley Sun,https://news.google.com/rss/articles/CBMilgFBVV95cUxNaFZzdXljQ29SSERjVDVDMVB6RVpRcDhHUVlBZFR0amF5bEM2TVdhQ1FqUUVNNGp0WFRhclZkQ1NOVjNYZzZKT21GcS13SGhSdXRmX2hXeU5OTm9STDJtdVNsUEd1bmJJeUUzcTdqSVB6Wm5nVDc,Google News RSS; quarterly backfill,,NEWS_GOLD_SENTIMENT,google_news_rss,sentiment_score,0.0
gold_news_sentiment,2026-07-09,2026-07-09,Kalshi Moves To Allow Betting On Gold’s Price Movements - Yahoo Finance,https://news.google.com/rss/articles/CBMiowFBVV95cUxQZXNiX21ZR000cU5PcnpFVHppVzFWbHFiTWxnb3g0VkhuWmluS1NrYUgxeldXOTJzMTZjLWlGTVo1dmgxcTBwbFAxdHB4TWlTVGFqQ2txNmhXTDRWSU1xMVVpNlhLRWVjZFVXX0cycDM3Nm5jZk9,Google News RSS; quarterly backfill,,NEWS_GOLD_SENTIMENT,google_news_rss,sentiment_score,0.0
gold_news_sentiment,2026-07-09,2026-07-09,"Gold Price Today on July 09, 2026 - USA Today",https://news.google.com/rss/articles/CBMipgFBVV95cUxORzVqdjhvNEloQnpPR1BGLWxBY2g2cDlxMjl4YjZCUzFkOFZoc0J1dk9VNVZ5Ynd0enEyejJ4WXVyZlpCTkZmXzMzZkxodUtHZ0FRNkdwYTNYeW1KWjBjUzlZU2Q0U1ZOMVJzbm9qNnBiaHVBTWt,Google News RSS; quarterly backfill,,NEWS_GOLD_SENTIMENT,google_news_rss,sentiment_score,0.0
gold_news_sentiment,2026-07-09,2026-07-09,Gold Price Rebound Draws Investor Attention as EX DeFi Highlights AI-Powered Trading Technology - Yahoo Finance UK,https://news.google.com/rss/articles/CBMiigFBVV95cUxOWlRQUEZFTWlWOGJtdDRtcVpETVM1blEtNUJ5WlliWjhNNlFDa0drOWF5STJNcE11SlVRTThpd291bW45R1VqSDRZMDBSa3ZPVXpxQ0NFWnNwY0JiS1pyeDJuN1pxclh4bUJOR2RpOWVaa2hBd2h,Google News RSS; quarterly backfill,,NEWS_GOLD_SENTIMENT,google_news_rss,sentiment_score,0.0
gold_news_sentiment,2026-07-09,2026-07-09,"Gold prices today, Thursday, July 9, 2026: Prices open lower as U.S.-Iran airstrikes continue - Yahoo Finance",https://news.google.com/rss/articles/CBMi9gFBVV95cUxNWmZlcW5jalFEUHBSMndMYjR0S0g1azBjOHVHNjE4SzkyZWk3VXZLbURNUmdPWDk5ZWRfSlpCY003REt2OTZUVGJaamtWenpzVUt0V1pVcWstVG1ZclQ3ZjdsMV9XeVpCRVV0Y3Bma093ZVg2UDZ,Google News RSS; quarterly backfill,,NEWS_GOLD_SENTIMENT,google_news_rss,sentiment_score,-1.0
gold_news_sentiment,2026-07-09,2026-07-09,"Gold price rebounds as traders assess Iran strikes, interest-rate path - Mining.com",https://news.google.com/rss/articles/CBMingFBVV95cUxNbWNFb3NVQjVuZ2FheWRyWk1KYlh2Y01oeW5NRUpDUkNjU0FMb01GaERwRkp0eGF2amMwcVJhem5TZlFLSjluejVsQzBxNkpsSWlGcy0zTk1RWmRaeTdxbHhYd3FPVG5DS2pYd2VSbkVsLS1hTVF,Google News RSS; quarterly backfill,,NEWS_GOLD_SENTIMENT,google_news_rss,sentiment_score,0.0
gold_news_sentiment,2026-07-09,2026-07-09,Used Gold Rolex Prices Have Slipped Since April - The Business of Fashion,https://news.google.com/rss/articles/CBMimgFBVV95cUxOZ1pmNTNzV1ZYMTZsZXJEZ2d0Q2o3cGNGcUM2dzhJNEdrUnF0b0lDYzdKX1pFZGhrVG15RFMydHVlWHhTWlZ2RDJjSjZwNXd1bENDTDh2U3FvQlRwbG1nTy1hM1lWejBMeEhsYklZajVwZGppSm5,Google News RSS; quarterly backfill,,NEWS_GOLD_SENTIMENT,google_news_rss,sentiment_score,0.0
gold_news_sentiment,2026-07-09,2026-07-09,"Gold Holds Recovery as Markets Reassess the FOMC Minutes, Treasury Yield Outlook - Investing.com",https://news.google.com/rss/articles/CBMiwgFBVV95cUxNc01hR0VUX3g0T2hBNkpFSVhySG9mU1czWWpJODdCQ2ZuejVBMERYcHBrbTJQVTBXN0VYY1VSYWdCdmRmVHBjZHhDclBVTFN6ZHktazhiT0gzQzFBLVhCSkhEUWVaeUF3d21la29ibl9TeEZFaTN,Google News RSS; quarterly backfill,,NEWS_GOLD_SENTIMENT,google_news_rss,sentiment_score,1.0
gold_news_sentiment,2026-07-09,2026-07-09,Infographic: Domestic SJC gold prices remain unchanged on July 9 - Nhan Dan Online,https://news.google.com/rss/articles/CBMiowFBVV95cUxPN2lRbzJpU19wRjRnZGU1WVJCLUx6YmxSZ0h6b2pRN1llODZuQ0ZJY2xvN2pEYzA0WmZiWXpFbnp2UUtaRmZPTEdST3NqbGNtbG9TSG83Ynpyc0Z0SkNoUHVDaFVvM1VZeDdnZUxoNzVPUG5fMS1,Google News RSS; quarterly backfill,,NEWS_GOLD_SENTIMENT,google_news_rss,sentiment_score,0.0
gold_news_sentiment,2026-07-09,2026-07-09,"Gold prices today, July 10, 2026: Prices of SJC 9999 gold bars and plain rings, and world gold prices on Friday. - baonghean.vn",https://news.google.com/rss/articles/CBMixgFBVV95cUxNY1ZQa25zcERVZE5hVXlHWHZmWWpuYUdsR2lvTHJCUk9KSXRsVjRaYWF1b2xleDRVZEFRRlBoMDFFZm16UU5RcXAyVzlDejExRnluWU1RUUNlQVRJbnlRWEVwV0JNVHVySUZ1MExKcDQ1Um16RTJ,Google News RSS; quarterly backfill,,NEWS_GOLD_SENTIMENT,google_news_rss,sentiment_score,0.0
gold_news_sentiment,2026-07-09,2026-07-09,Gold price update at the close of the session on July 9th: Reverse and increase - Laodong.vn,https://news.google.com/rss/articles/CBMiowFBVV95cUxPSjBYczgzTkwzeEx5bmZNQ3FmU1ZzRkdFVUpSWklpVTVVcnQ1bGo2Q2U3NWlTczdYR1lrUFgtamREU0kzVUJBN3lpd2dTdHJ0NzVyWVpJMEdiQlJzakh0ZUtWZ215VkFRY2pzRG1uRFFneVV1dUl,Google News RSS; quarterly backfill,,NEWS_GOLD_SENTIMENT,google_news_rss,sentiment_score,0.0
gold_news_sentiment,2026-07-09,2026-07-09,Gold prices tiptoe up - VnExpress International,https://news.google.com/rss/articles/CBMihwFBVV95cUxNc1JEWnQtLVpsRGJpUERoVkJRdlFJUDg5alVuRXdJOVl2UnVnbUNIYzg3NVpzc3Zfc1pvdFBJUkR0M2JNYjA5YmVWaE5OX3VNWjdkXzlGZG55VnRsZGs5SUFuVnU4OTcwb2p4QUZkdGpVX3psZGl,Google News RSS; quarterly backfill,,NEWS_GOLD_SENTIMENT,google_news_rss,sentiment_score,0.0
gold_news_sentiment,2026-07-09,2026-07-09,Gold price today 9.7: Gold rings decrease by up to 2 million VND/tael - Laodong.vn,https://news.google.com/rss/articles/CBMiqwFBVV95cUxPS2llOXJtTE5maHlnV04yVUpjRkNwdUxWcWl0TXN6ZDJCcWFrYmhBNnJzUDhkaHJvZmVkWWMwRkZHbnVwaFAwY3VlZllXcWNDMDVPc1AzWElzdjdwb1U3TjdQNklNQlVJZ3FKMS03RVdHdHdTWFp,Google News RSS; quarterly backfill,,NEWS_GOLD_SENTIMENT,google_news_rss,sentiment_score,0.0
gold_news_sentiment,2026-07-09,2026-07-09,"Trực Tiếp Giá Vàng Hôm Nay Ngày 29/05/2026 - Biến Động Quá Mạnh Giá Bạc, Giá Vàng 9999, Sjc, Doji Al Shabab Fc Vs Al-nassr Standings (vPnhNvBPk0) - Mshale",https://news.google.com/rss/articles/CBMiYEFVX3lxTFBaV0FDR3I5VGUzcTRaMzIwUTRvN3Awd3B5enktQlRSM2FIQzE1dHRNMl84MzBDLWZOTF83V1JPMUJiT2ZqeThoOFhmY25Ibkp2QzdIc01VLTd2TG1rNmlOeA?oc=5,Google News RSS; quarterly backfill,,NEWS_GOLD_SENTIMENT,google_news_rss,sentiment_score,0.0
gold_news_sentiment,2026-07-10,2026-07-10,,,Keyword scoring; range -N..+N; 0 = no gold mention or neutral,,NEWS_GOLD_SENTIMENT,yfinance_news,sentiment_score,0.0
gold_news_sentiment,2026-07-10,2026-07-10,Gold price in India: Rates on July 10 - FXStreet,https://news.google.com/rss/articles/CBMipgFBVV95cUxNd2hMQ0gxeDB2MVlkUDkyREpzbHJzdktZSTFXQmpYdnMzU003a0Eta1pwQkpjYVBRTm1tYjFoNk54T19zQzF0ZllxNGVwMTZ1WUQyVWxaUG5COXhaLU5QNWtITjBselRtTmN6NkZqMDFpWkd3YTJ,Google News RSS; quarterly backfill,,NEWS_GOLD_SENTIMENT,google_news_rss,sentiment_score,0.0
gold_news_sentiment,2026-07-10,2026-07-10,"Gold price prediction: Will gold price see a bullish movement? Check July 10, 2026 outlook - The Times of India",https://news.google.com/rss/articles/CBMinAJBVV95cUxONWM1UEJrRzdCVXV0YklYVWZUYUZMcFhNYm1WUW5rY3VTY0ZwV1pRYTcwSVBWTGduVkZMNUtvT2RaOThmSzJtTmgtQmxySjFPTFRoZnhMR2NpZzI0cWRINm13enJzUWZOZVZHT3ItVXd0LWlVdDM,Google News RSS; quarterly backfill,,NEWS_GOLD_SENTIMENT,google_news_rss,sentiment_score,1.0
gold_news_sentiment,2026-07-10,2026-07-10,"Gold (XAU/USD) Price Forecast for Today, Tomorrow, Next Week, and the Next 30 Days - LiteFinance",https://news.google.com/rss/articles/CBMioAFBVV95cUxOZ1BXeVdPR08tTmQ4MHdZMkloUzlsNjRjSE5VVmxyeVRrdDZqbDI3Tm5VVUdfYTdZM0dOYjkzVFBuMGhJUzZEM3E0RDBkc0RTUXd2VFdMdm5uenpPXzJobUNvRklvRkt0S0pfYkZ0UWRXaWRDc09,Google News RSS; quarterly backfill,,NEWS_GOLD_SENTIMENT,google_news_rss,sentiment_score,0.0
gold_news_sentiment,2026-07-10,2026-07-10,Gold heads for weekly drop as Gulf attacks reinforce rate-hike bets - CNBC,https://news.google.com/rss/articles/CBMipwFBVV95cUxPY3kxTlRhelVBOWM1X3R0eC1uUkwzRGpmT1JoTWlwQmlPV1pNVHUyNHFkcmlrV1dITExYTUFRQ2tzd1lIYUI2VjJNMkpVTXdhUm0zazVfcUExRVJkUnp6eGdEazVZX2d0Ri1qdU1kNTVMd0N4eTd,Google News RSS; quarterly backfill,,NEWS_GOLD_SENTIMENT,google_news_rss,sentiment_score,-1.0
gold_news_sentiment,2026-07-10,2026-07-10,ASIA GOLD Gold discounts in India deepen as volatility hurts demand; purchases in China steady - Reuters,https://news.google.com/rss/articles/CBMiwwFBVV95cUxOVWZPQ2J0V3BaVlJRYkFIeWt6STNJS1V0OUt4U1RnNGhqNHN2a3l4cmZzdlpRcmV1YjQ3M3E4UWxSaGl1RnRrbkk1MW1BemR2R1pDSGVpbTllUDYyd1NuTW1fa2Q1cjlvUGVnRDkwNkh3Y1ZTR3J,Google News RSS; quarterly backfill,,NEWS_GOLD_SENTIMENT,google_news_rss,sentiment_score,0.0
gold_news_sentiment,2026-07-10,2026-07-10,Gold Price Forecast: 21-day SMA is yet again the level to beat for XAU/USD bulls - FXStreet,https://news.google.com/rss/articles/CBMixAFBVV95cUxNcEIxb0FFcXZNZ3cwUDFuWjN1Qm84STNkUnlvNXF0a2tJTTlBeE1vc2dPWmw5Q09ZNzZzanJPSWlWdnUyRU9nZU14WFhEdW4wcHlDRFJESFkxU3dZbFVLTFAtWGdJWklHYTlnUy1vUk5RclhpdDR,Google News RSS; quarterly backfill,,NEWS_GOLD_SENTIMENT,google_news_rss,sentiment_score,1.0
gold_news_sentiment,2026-07-10,2026-07-10,"Gold, silver prices today, 10 July: Check retail rates of 24K, 22K gold, 999 silver in Delhi, Mumbai and Kolkata - livemint.com",https://news.google.com/rss/articles/CBMihAJBVV95cUxNaVJHSGhjeGJCV2NFdTF5RWUtcE1sWXhiWjBOaUEzUk5vZmxORUc2dlRPY28tZ2xCbjhERm9SM0pkYUQ2dXpIaEM5VFdKdVg2V213VE9rNUZKdTRaRWFaZlBXdUtjdXVDcG9kTE9Nemw3ZkwxV21,Google News RSS; quarterly backfill,,NEWS_GOLD_SENTIMENT,google_news_rss,sentiment_score,0.0
gold_news_sentiment,2026-07-10,2026-07-10,Gold and Silver Price Analysis July 2026: Fed Policy Impact & Outlook - Intellectia AI,https://news.google.com/rss/articles/CBMickFVX3lxTE1yYXhTY2VlRTk1NHFER251dGpBRW9TUzBURVVMUUNnRnp5MkJFVG1wbFdtQ0dtSFRVcTlXTzhZQ0hYMExPRkFlQjBmaUlhcEhvYmlUY1ExVjRHX3BLTER0R3ZIUGRVaUlWajVSSkZGZy16UQ?oc=5,Google News RSS; quarterly backfill,,NEWS_GOLD_SENTIMENT,google_news_rss,sentiment_score,0.0
gold_news_sentiment,2026-07-10,2026-07-10,Gold prices rise - VnExpress International,https://news.google.com/rss/articles/CBMigAFBVV95cUxORWY1TlBZNDVPZFlzQ0VUQ2I2VzlPOXByN1ZiSE1YeTJmbE1iZHZmYngwM3B3X092WTlyZGVWb1hlcW10SVJVWkZLNGpxNE9hd1ZzMGM0Z054SGNCa0dObGotZjlHNW9rRGZzdU5uRVNlR0tOMjR,Google News RSS; quarterly backfill,,NEWS_GOLD_SENTIMENT,google_news_rss,sentiment_score,1.0
gold_news_sentiment,2026-07-10,2026-07-10,"Gold dips 0.49 percent to $4,111, heading for weekly loss amid intensified Fed rate hike expectations - Economy Middle East",https://news.google.com/rss/articles/CBMizwFBVV95cUxNVFlySU4wYy1qZi0tdVFBZFlMUmp1Y3NPWVlfbXVUTENQSW5wcWNDRU1zWVdGZGlBWXJlSm9Xb00xQlp0ZmtXVGs4WkZnMS0wTlI3SDRHZVFpNHA3ZEhXbDQ4ZDZ0YUlKck9rcnJFWnpxWkx2eXh,Google News RSS; quarterly backfill,,NEWS_GOLD_SENTIMENT,google_news_rss,sentiment_score,-1.0
gold_news_sentiment,2026-07-10,2026-07-10,"Gold Rate Today, July 10: Check 18, 22 and 24 carat gold prices in Chennai, Mumbai, Delhi, Kolkata and other cities - The Indian Express",https://news.google.com/rss/articles/CBMi8AFBVV95cUxNWmdXN1lrSTNQc08wX1ZGcmRMYm84bERzTHRGWUVyMDNoNTh4NVdPbEFaVzBYZW1sZ1lZc3BxdmxUMnNYMHVjZjNuU094aVNPUUwySVBURDFSVWlTdlF6eEN6WW13dWc1eHdqaXpDRDJ0dWEtNDd,Google News RSS; quarterly backfill,,NEWS_GOLD_SENTIMENT,google_news_rss,sentiment_score,0.0
gold_news_sentiment,2026-07-10,2026-07-10,"Gold price update morning of July 10th: World gold surges, heading towards the 4,200 USD/ounce mark - Laodong.vn",https://news.google.com/rss/articles/CBMiwgFBVV95cUxPZWQtc1hjdVBtOEJwa0ZOUFJvZGgxOHVMaFpDby0tWWE0X2NVQ2ZfMm9wR0ZVRGhKM0tvZ3Z3bElsaXd5alhPeElpSVdsb1BuMWZzSmg2bGgtbDBoY0RIUjYtazlzREIwclFMQTNDNG54eGFwc3U,Google News RSS; quarterly backfill,,NEWS_GOLD_SENTIMENT,google_news_rss,sentiment_score,1.0
gold_news_sentiment,2026-07-10,2026-07-10,Gold price today July 10th: Gold bars increase by up to 1.6 million VND/tael - Laodong.vn,https://news.google.com/rss/articles/CBMirwFBVV95cUxQQlljdTYyMERtQ1dDbEtELXRfc3lPSUlWREVoc2EtRDBHUDN4djk0cG5XOXlMRW1rYUlXTjZ0TFhnR1dzT0lqWWpDY2wzbUhPMGRIMV9pb1hrYV9EVzRxaDdudWNKcjI4Wno0TkgtM09fbmdDRjF,Google News RSS; quarterly backfill,,NEWS_GOLD_SENTIMENT,google_news_rss,sentiment_score,0.0
gold_news_sentiment,2026-07-10,2026-07-10,How much gold should you buy in retirement? Or do you need it at all? - Florida Today,https://news.google.com/rss/articles/CBMi0AFBVV95cUxNU0ZYMEU5VjQwR25JNno3TkdJV1lXZW9IX01XMkJDR194NUNvNEJ6NWh3TXVhMzhLMFh1clgwcmlsYmMzWms2WW9VUVljckhzWG16YWlVeUg4cmUwaU42N05LMmhLVlBwbnRUM25ic29TV0xaODA,Google News RSS; quarterly backfill,,NEWS_GOLD_SENTIMENT,google_news_rss,sentiment_score,0.0
